decision_id,rec_id,date,symbol,checklist_version,checklist_id,result,evidence,notes
DEC-20260707-CBRS.US-001,REC-20260707-CBRS.US-001,2026-07-07,CBRS.US,master-investment-checklist,WB-POL-01,pass,"US common stock listed on Nasdaq as CBRS; within allowed US equity universe.",""
DEC-20260707-CBRS.US-001,REC-20260707-CBRS.US-001,2026-07-07,CBRS.US,master-investment-checklist,WB-COMP-01,pass,"Business can be explained as AI inference hardware, systems, and cloud capacity built around wafer-scale chips.",""
DEC-20260707-CBRS.US-001,REC-20260707-CBRS.US-001,2026-07-07,CBRS.US,master-investment-checklist,WB-BUS-01,unknown,"Technology may be differentiated, but durable moat versus Nvidia, AMD, hyperscaler ASICs, and custom silicon is not yet proven through multiple public cycles.",""
DEC-20260707-CBRS.US-001,REC-20260707-CBRS.US-001,2026-07-07,CBRS.US,master-investment-checklist,WB-FIN-01,fail,"Revenue growth is strong, but GAAP/core profitability is not durable and FY2026 core operating margin guidance remains deeply negative.",""
DEC-20260708-002594.SZ-001,REC-20260708-002594.SZ-001,2026-07-08,002594.SZ,master-investment-checklist,WB-POL-01,pass,"A股上市公司，属于允许研究范围。",""
DEC-20260708-002594.SZ-001,REC-20260708-002594.SZ-001,2026-07-08,002594.SZ,master-investment-checklist,WB-COMP-01,pass,"业务可解释为新能源汽车、动力电池、储能、电子部件和海外制造销售网络。",""
DEC-20260708-002594.SZ-001,REC-20260708-002594.SZ-001,2026-07-08,002594.SZ,master-investment-checklist,WB-BUS-01,pass,"规模、垂直整合、研发投入、品牌矩阵和出海渠道构成优势，但价格战会削弱变现能力。",""
DEC-20260708-002594.SZ-001,REC-20260708-002594.SZ-001,2026-07-08,002594.SZ,master-investment-checklist,WB-FIN-01,fail,"2026Q1收入、归母净利润、扣非净利润和经营现金流均同比明显下滑。",""
DEC-20260708-002594.SZ-001,REC-20260708-002594.SZ-001,2026-07-08,002594.SZ,master-investment-checklist,WB-VAL-01,unknown,"当前PE/PB低于过去高热阶段，但盈利处于下修周期，不能只看静态倍数判断便宜。",""
DEC-20260708-002594.SZ-001,REC-20260708-002594.SZ-001,2026-07-08,002594.SZ,master-investment-checklist,WB-RISK-01,pass,"失败路径明确：价格战、销量恢复不带利润、现金流承压、海外壁垒、技术投入回报不足。",""
DEC-20260708-002594.SZ-001,REC-20260708-002594.SZ-001,2026-07-08,002594.SZ,master-investment-checklist,WB-BIAS-01,pass,"明确避免因为龙头品牌和低位反弹而追高，要求财报或趋势确认。",""
DEC-20260708-002594.SZ-001,REC-20260708-002594.SZ-001,2026-07-08,002594.SZ,master-investment-checklist,WB-REV-04,pass,"已写入recommendations.csv，设置进入批量复盘。",""
DEC-20260707-CBRS.US-001,REC-20260707-CBRS.US-001,2026-07-07,CBRS.US,master-investment-checklist,WB-VAL-01,fail,"Market cap around $39.89 billion implies roughly 46x FY2026 guided core revenue; margin of safety is not clear.",""
DEC-20260707-CBRS.US-001,REC-20260707-CBRS.US-001,2026-07-07,CBRS.US,master-investment-checklist,WB-RISK-01,fail,"Thesis can fail through OpenAI execution, customer concentration, lease/capacity commitments, margin compression, dilution/warrants, and post-IPO unlock supply.",""
DEC-20260707-CBRS.US-001,REC-20260707-CBRS.US-001,2026-07-07,CBRS.US,master-investment-checklist,WB-BIAS-01,fail,"The OpenAI headline is FOMO-prone; price weakness alone is not a sufficient buy signal.",""
DEC-20260707-CBRS.US-001,REC-20260707-CBRS.US-001,2026-07-07,CBRS.US,master-investment-checklist,WB-REV-04,pass,"Decision and recommendation indexes updated for batch review.",""
DEC-20260707-002050.SZ-001,REC-20260707-002050.SZ-001,2026-07-07,002050.SZ,master-investment-checklist,WB-POL-01,pass,"A-share common stock; within allowed universe.",""
DEC-20260707-002050.SZ-001,REC-20260707-002050.SZ-001,2026-07-07,002050.SZ,master-investment-checklist,WB-COMP-01,pass,"Business is explainable: refrigeration controls, automotive thermal management, and adjacent actuator/control components.",""
DEC-20260707-002050.SZ-001,REC-20260707-002050.SZ-001,2026-07-07,002050.SZ,master-investment-checklist,WB-BUS-01,pass,"Core thermal-management/control component position appears durable, supported by product breadth and long operating history.",""
DEC-20260707-002050.SZ-001,REC-20260707-002050.SZ-001,2026-07-07,002050.SZ,master-investment-checklist,WB-FIN-01,pass,"2025 profit grew strongly and 2026Q1 operating cash flow improved, though Q1 revenue growth slowed.",""
DEC-20260707-002050.SZ-001,REC-20260707-002050.SZ-001,2026-07-07,002050.SZ,master-investment-checklist,WB-VAL-01,fail,"Market cap around RMB 1915亿元 and TTM PE around 47x leave limited margin of safety.",""
DEC-20260707-002050.SZ-001,REC-20260707-002050.SZ-001,2026-07-07,002050.SZ,master-investment-checklist,WB-RISK-01,fail,"Main risks are robotics narrative overpricing, valuation compression, customer/order uncertainty, and weak market tape.",""
DEC-20260707-002050.SZ-001,REC-20260707-002050.SZ-001,2026-07-07,002050.SZ,master-investment-checklist,WB-BIAS-01,fail,"Current interest is heavily tied to robotics/liquid-cooling themes; avoid buying because the story feels exciting.",""
DEC-20260707-002050.SZ-001,REC-20260707-002050.SZ-001,2026-07-07,002050.SZ,master-investment-checklist,WB-REV-04,pass,"Decision and recommendation indexes updated for batch review.",""
DEC-20260707-601689.SH-001,REC-20260707-601689.SH-001,2026-07-07,601689.SH,master-investment-checklist,WB-POL-01,pass,"A-share common stock; within allowed universe.",""
DEC-20260707-601689.SH-001,REC-20260707-601689.SH-001,2026-07-07,601689.SH,master-investment-checklist,WB-COMP-01,pass,"Business is explainable: platform auto parts, chassis/interior/thermal management/intelligent driving/robot actuator products.",""
DEC-20260707-601689.SH-001,REC-20260707-601689.SH-001,2026-07-07,601689.SH,master-investment-checklist,WB-BUS-01,pass,"Has broad product platform and customer base, but new-business moat is still being tested.",""
DEC-20260707-601689.SH-001,REC-20260707-601689.SH-001,2026-07-07,601689.SH,master-investment-checklist,WB-FIN-01,fail,"2025 and 2026Q1 show revenue growth but attributable net profit decline.",""
DEC-20260707-601689.SH-001,REC-20260707-601689.SH-001,2026-07-07,601689.SH,master-investment-checklist,WB-VAL-01,fail,"TTM PE around 38x is not cheap when profit is declining.",""
DEC-20260707-601689.SH-001,REC-20260707-601689.SH-001,2026-07-07,601689.SH,master-investment-checklist,WB-RISK-01,fail,"Margin pressure, overseas capacity ramp cost, robot-order uncertainty, and theme-driven volatility are central risks.",""
DEC-20260707-601689.SH-001,REC-20260707-601689.SH-001,2026-07-07,601689.SH,master-investment-checklist,WB-BIAS-01,fail,"Human-robotics theme can create FOMO; the current thesis needs profit confirmation.",""
DEC-20260707-601689.SH-001,REC-20260707-601689.SH-001,2026-07-07,601689.SH,master-investment-checklist,WB-REV-04,pass,"Decision and recommendation indexes updated for batch review.",""
DEC-20260708-002050.SZ-001,REC-20260708-002050.SZ-001,2026-07-08,002050.SZ,master-investment-checklist,WB-POL-01,pass,"A-share common stock; within allowed universe.",""
DEC-20260708-002050.SZ-001,REC-20260708-002050.SZ-001,2026-07-08,002050.SZ,master-investment-checklist,WB-COMP-01,pass,"Business is explainable: refrigeration controls, automotive thermal management, robot actuators, and liquid-cooling adjacency.",""
DEC-20260708-002050.SZ-001,REC-20260708-002050.SZ-001,2026-07-08,002050.SZ,master-investment-checklist,WB-BUS-01,pass,"Core business quality remains better than most robotics theme peers.",""
DEC-20260708-002050.SZ-001,REC-20260708-002050.SZ-001,2026-07-08,002050.SZ,master-investment-checklist,WB-FIN-01,pass,"2026Q1 net profit was RMB 928 million and no new operating deterioration was found today.",""
DEC-20260708-002050.SZ-001,REC-20260708-002050.SZ-001,2026-07-08,002050.SZ,master-investment-checklist,WB-VAL-01,fail,"PE around 44x is lower than yesterday but still not a deep margin of safety.",""
DEC-20260708-002050.SZ-001,REC-20260708-002050.SZ-001,2026-07-08,002050.SZ,master-investment-checklist,WB-RISK-01,fail,"Intraday volume selloff, crowded robotics theme, and unclear order conversion remain central risks.",""
DEC-20260708-002050.SZ-001,REC-20260708-002050.SZ-001,2026-07-08,002050.SZ,master-investment-checklist,WB-BIAS-01,fail,"The urge to add after a large drop may anchor on yesterday's price rather than improved evidence.",""
DEC-20260708-002050.SZ-001,REC-20260708-002050.SZ-001,2026-07-08,002050.SZ,master-investment-checklist,WB-REV-04,pass,"Intraday review and refreshed recommendation indexes were written.",""
DEC-20260708-601689.SH-001,REC-20260708-601689.SH-001,2026-07-08,601689.SH,master-investment-checklist,WB-POL-01,pass,"A-share common stock; within allowed universe.",""
DEC-20260708-601689.SH-001,REC-20260708-601689.SH-001,2026-07-08,601689.SH,master-investment-checklist,WB-COMP-01,pass,"Business is explainable: platform auto parts, robot actuators, and thermal management.",""
DEC-20260708-601689.SH-001,REC-20260708-601689.SH-001,2026-07-08,601689.SH,master-investment-checklist,WB-BUS-01,unknown,"Platform capability exists, but robotics/liquid-cooling moat and order scale remain unproven.",""
DEC-20260708-601689.SH-001,REC-20260708-601689.SH-001,2026-07-08,601689.SH,master-investment-checklist,WB-FIN-01,fail,"2026Q1 net profit was RMB 552 million, below RMB 565 million in 2025Q1.",""
DEC-20260708-601689.SH-001,REC-20260708-601689.SH-001,2026-07-08,601689.SH,master-investment-checklist,WB-VAL-01,fail,"PE around 35x is not enough margin of safety without profit recovery.",""
DEC-20260708-601689.SH-001,REC-20260708-601689.SH-001,2026-07-08,601689.SH,master-investment-checklist,WB-RISK-01,fail,"Margin pressure, overseas ramp cost, opaque orders, and theme unwind remain central risks.",""
DEC-20260708-601689.SH-001,REC-20260708-601689.SH-001,2026-07-08,601689.SH,master-investment-checklist,WB-BIAS-01,fail,"Reaching yesterday's watch price can trigger anchoring bias, but the pullback quality is poor.",""
DEC-20260708-601689.SH-001,REC-20260708-601689.SH-001,2026-07-08,601689.SH,master-investment-checklist,WB-REV-04,pass,"Intraday review and refreshed recommendation indexes were written.",""
DEC-20260708-688017.SH-001,REC-20260708-688017.SH-001,2026-07-08,688017.SH,master-investment-checklist,WB-POL-01,pass,"A-share STAR Market common stock; within allowed universe.",""
DEC-20260708-688017.SH-001,REC-20260708-688017.SH-001,2026-07-08,688017.SH,master-investment-checklist,WB-COMP-01,pass,"Business is explainable as harmonic reducers, mechatronic products, and intelligent automation equipment.",""
DEC-20260708-688017.SH-001,REC-20260708-688017.SH-001,2026-07-08,688017.SH,master-investment-checklist,WB-BUS-01,pass,"Leader position in harmonic reducers, though humanoid robot incremental moat still needs more proof.",""
DEC-20260708-688017.SH-001,REC-20260708-688017.SH-001,2026-07-08,688017.SH,master-investment-checklist,WB-FIN-01,pass,"2026Q1 revenue rose 42.96% and attributable net profit rose 61.17%, but operating cash flow fell 68.55%.",""
DEC-20260708-688017.SH-001,REC-20260708-688017.SH-001,2026-07-08,688017.SH,master-investment-checklist,WB-VAL-01,fail,"Around 478x PE and 23x PB leave little margin of safety versus disclosed earnings.",""
DEC-20260708-688017.SH-001,REC-20260708-688017.SH-001,2026-07-08,688017.SH,master-investment-checklist,WB-RISK-01,fail,"Failure paths include order disappointment, valuation compression, and crowded robotics-theme unwind.",""
DEC-20260708-688017.SH-001,REC-20260708-688017.SH-001,2026-07-08,688017.SH,master-investment-checklist,WB-BIAS-01,fail,"Large drop from a high price can create anchoring bias; it is not yet a stable entry signal.",""
DEC-20260708-688017.SH-001,REC-20260708-688017.SH-001,2026-07-08,688017.SH,master-investment-checklist,WB-REV-04,pass,"Decision and recommendation indexes updated for batch review.",""
DEC-20260708-688322.SH-001,REC-20260708-688322.SH-001,2026-07-08,688322.SH,master-investment-checklist,WB-POL-01,pass,"A-share STAR Market common stock; within allowed universe.",""
DEC-20260708-688322.SH-001,REC-20260708-688322.SH-001,2026-07-08,688322.SH,master-investment-checklist,WB-COMP-01,pass,"Business is explainable as 3D vision sensing products, consumer application devices, and industrial application devices.",""
DEC-20260708-688322.SH-001,REC-20260708-688322.SH-001,2026-07-08,688322.SH,master-investment-checklist,WB-BUS-01,unknown,"Robotics vision positioning is attractive, but durable moat and order stickiness need more financial-report proof.",""
DEC-20260708-688322.SH-001,REC-20260708-688322.SH-001,2026-07-08,688322.SH,master-investment-checklist,WB-FIN-01,unknown,"Profit improved, but 2026Q1 revenue grew only 6.19% and operating cash flow volatility needs tracking.",""
DEC-20260708-688322.SH-001,REC-20260708-688322.SH-001,2026-07-08,688322.SH,master-investment-checklist,WB-VAL-01,fail,"Market cap around RMB 51.7B and PB around 16.96 imply demanding growth expectations.",""
DEC-20260708-688322.SH-001,REC-20260708-688322.SH-001,2026-07-08,688322.SH,master-investment-checklist,WB-RISK-01,fail,"Failure paths include revenue miss, physical-AI narrative cooling, private-placement overhang, and valuation compression.",""
DEC-20260708-688322.SH-001,REC-20260708-688322.SH-001,2026-07-08,688322.SH,master-investment-checklist,WB-BIAS-01,fail,"The 'robot eyes' story can be over-extrapolated into a buy signal while revenue growth and valuation pressure remain unresolved.",""
DEC-20260708-688322.SH-001,REC-20260708-688322.SH-001,2026-07-08,688322.SH,master-investment-checklist,WB-REV-04,pass,"Decision and recommendation indexes updated for batch review.",""
DEC-20260708-603986.SH-001,REC-20260708-603986.SH-001,2026-07-08,603986.SH,master-investment-checklist,WB-POL-01,pass,"A股上市公司，属于允许研究范围。",""
DEC-20260708-603986.SH-001,REC-20260708-603986.SH-001,2026-07-08,603986.SH,master-investment-checklist,WB-COMP-01,pass,"业务可解释为Flash、利基型DRAM、MCU、模拟芯片和传感器等多元芯片设计。",""
DEC-20260708-603986.SH-001,REC-20260708-603986.SH-001,2026-07-08,603986.SH,master-investment-checklist,WB-BUS-01,pass,"公司在存储和MCU具备产品矩阵与国内领先地位，但盈利高度受半导体周期影响。",""
DEC-20260708-603986.SH-001,REC-20260708-603986.SH-001,2026-07-08,603986.SH,master-investment-checklist,WB-FIN-01,pass,"2026Q1收入、归母净利润、扣非净利润和经营现金流均高增。",""
DEC-20260708-603986.SH-001,REC-20260708-603986.SH-001,2026-07-08,603986.SH,master-investment-checklist,WB-VAL-01,fail,"2026-07-08 TTM PE约147倍，PB约17倍，年化Q1后估值仍不低。",""
DEC-20260708-603986.SH-001,REC-20260708-603986.SH-001,2026-07-08,603986.SH,master-investment-checklist,WB-RISK-01,fail,"主要失败路径是存储周期反转、Q2业绩回落、高估值压缩和高位筹码松动。",""
DEC-20260708-603986.SH-001,REC-20260708-603986.SH-001,2026-07-08,603986.SH,master-investment-checklist,WB-BIAS-01,fail,"股价一年大涨后快速回撤，容易把锚定高点后的折价误判为安全边际。",""
DEC-20260708-603986.SH-001,REC-20260708-603986.SH-001,2026-07-08,603986.SH,master-investment-checklist,WB-REV-04,pass,"已写入recommendations.csv，设置进入批量复盘。",""
DEC-20260708-600522.SH-001,REC-20260708-600522.SH-001,2026-07-08,600522.SH,master-investment-checklist,WB-POL-01,pass,"A股上市公司，属于允许研究范围。",""
DEC-20260708-600522.SH-001,REC-20260708-600522.SH-001,2026-07-08,600522.SH,master-investment-checklist,WB-COMP-01,pass,"业务可解释为光纤光缆、海缆、智能电网、储能和数字经济相关产品。",""
DEC-20260708-600522.SH-001,REC-20260708-600522.SH-001,2026-07-08,600522.SH,master-investment-checklist,WB-BUS-01,pass,"公司具备棒纤缆一体化、高端海缆和电网客户基础，官网与年报显示海洋装备、智能电网、信息通信均有技术和项目积累。",""
DEC-20260708-600522.SH-001,REC-20260708-600522.SH-001,2026-07-08,600522.SH,master-investment-checklist,WB-FIN-01,unknown,"2026Q1收入和利润高增，但经营现金流为负，应收账款和存货增加，利润质量仍需Q2验证。",""
DEC-20260708-600522.SH-001,REC-20260708-600522.SH-001,2026-07-08,600522.SH,master-investment-checklist,WB-VAL-01,fail,"当前TTM PE约50.2倍、PB约4.2倍，高于Investing.com列示同业均值；年化Q1后也不算低估。",""
DEC-20260708-600522.SH-001,REC-20260708-600522.SH-001,2026-07-08,600522.SH,master-investment-checklist,WB-RISK-01,fail,"失败路径包括涨价周期回落、订单交付不及预期、现金流恶化、融资盘去杠杆和估值压缩。",""
DEC-20260708-600522.SH-001,REC-20260708-600522.SH-001,2026-07-08,600522.SH,master-investment-checklist,WB-BIAS-01,fail,"股价从高点快速下跌容易制造便宜了的锚定偏差，但当前尚未形成稳定买点。",""
DEC-20260708-600522.SH-001,REC-20260708-600522.SH-001,2026-07-08,600522.SH,master-investment-checklist,WB-REV-04,pass,"已写入recommendations.csv，设置进入批量复盘。",""
DEC-20260709-002594.SZ-001,REC-20260709-002594.SZ-001,2026-07-09,002594.SZ,master-investment-checklist,WB-POL-01,pass,"A股上市公司，属于允许研究范围。",""
DEC-20260709-002594.SZ-001,REC-20260709-002594.SZ-001,2026-07-09,002594.SZ,master-investment-checklist,WB-COMP-01,pass,"业务可解释为新能源汽车、动力电池、储能、电子部件、海外制造与销售网络。",""
DEC-20260709-002594.SZ-001,REC-20260709-002594.SZ-001,2026-07-09,002594.SZ,master-investment-checklist,WB-BUS-01,pass,"规模、垂直整合、研发投入、品牌矩阵、海外渠道和电池技术构成优势。",""
DEC-20260709-002594.SZ-001,REC-20260709-002594.SZ-001,2026-07-09,002594.SZ,master-investment-checklist,WB-FIN-01,fail,"2026Q1收入、归母净利润和经营现金流同比明显下滑。",""
DEC-20260709-002594.SZ-001,REC-20260709-002594.SZ-001,2026-07-09,002594.SZ,master-investment-checklist,WB-VAL-01,unknown,"用2025利润看估值不贵；用2026Q1年化利润看估值偏贵，关键取决于中报修复。",""
DEC-20260709-002594.SZ-001,REC-20260709-002594.SZ-001,2026-07-09,002594.SZ,master-investment-checklist,WB-RISK-01,pass,"失败路径明确：价格战、销量恢复不带利润、现金流承压、海外壁垒、产品结构改善不足。",""
DEC-20260709-002594.SZ-001,REC-20260709-002594.SZ-001,2026-07-09,002594.SZ,master-investment-checklist,WB-BIAS-01,pass,"明确避免因为龙头品牌、股价回撤或券商目标价而提前升级。",""
DEC-20260709-002594.SZ-001,REC-20260709-002594.SZ-001,2026-07-09,002594.SZ,master-investment-checklist,WB-BIAS-05,fail,"机会成本存在：如果7月销量和中报快速改善，完全等待可能错过86-95元区间修复。",""
DEC-20260709-002594.SZ-001,REC-20260709-002594.SZ-001,2026-07-09,002594.SZ,master-investment-checklist,WB-REV-04,pass,"已创建新决策并更新recommendations.csv，纳入批量复盘。",""
DEC-20260709-AVGO.US-001,REC-20260709-AVGO.US-001,2026-07-09,AVGO.US,master-investment-checklist,WB-POL-01,pass,"美股上市公司，属于允许研究范围。",""
DEC-20260709-AVGO.US-001,REC-20260709-AVGO.US-001,2026-07-09,AVGO.US,master-investment-checklist,WB-COMP-01,pass,"可解释为定制AI芯片、网络芯片、企业软件和基础设施软件平台。",""
DEC-20260709-AVGO.US-001,REC-20260709-AVGO.US-001,2026-07-09,AVGO.US,master-investment-checklist,WB-BUS-01,pass,"大客户定制ASIC、网络芯片和VMware软件生态形成规模与转换成本。",""
DEC-20260709-AVGO.US-001,REC-20260709-AVGO.US-001,2026-07-09,AVGO.US,master-investment-checklist,WB-FIN-01,pass,"2026财年二季度收入、净利润和调整后EBITDA均强。",""
DEC-20260709-AVGO.US-001,REC-20260709-AVGO.US-001,2026-07-09,AVGO.US,master-investment-checklist,WB-VAL-01,fail,"估值和预期已嵌入大量AI乐观假设。",""
DEC-20260709-AVGO.US-001,REC-20260709-AVGO.US-001,2026-07-09,AVGO.US,master-investment-checklist,WB-RISK-01,fail,"最大风险是组合集中度和AI交易拥挤。",""
DEC-20260709-AVGO.US-001,REC-20260709-AVGO.US-001,2026-07-09,AVGO.US,master-investment-checklist,WB-BIAS-01,pass,"明确避免因浮盈和强势新闻继续加仓赢家。",""
DEC-20260709-AVGO.US-001,REC-20260709-AVGO.US-001,2026-07-09,AVGO.US,master-investment-checklist,WB-REV-04,pass,"已写入recommendations.csv，纳入批量复盘。",""
DEC-20260709-BRK.B.US-001,REC-20260709-BRK.B.US-001,2026-07-09,BRK.B.US,master-investment-checklist,WB-POL-01,pass,"美股上市公司，属于允许研究范围。",""
DEC-20260709-BRK.B.US-001,REC-20260709-BRK.B.US-001,2026-07-09,BRK.B.US,master-investment-checklist,WB-COMP-01,pass,"可解释为保险、实业、能源、铁路和证券投资组合。",""
DEC-20260709-BRK.B.US-001,REC-20260709-BRK.B.US-001,2026-07-09,BRK.B.US,master-investment-checklist,WB-BUS-01,pass,"保险浮存金、品牌、规模和资本配置历史构成长期优势。",""
DEC-20260709-BRK.B.US-001,REC-20260709-BRK.B.US-001,2026-07-09,BRK.B.US,master-investment-checklist,WB-FIN-01,pass,"2026Q1经营利润113.46亿美元，经营现金流104.38亿美元，保险及其他板块现金和美国短期国库券约3907亿美元。",""
DEC-20260709-BRK.B.US-001,REC-20260709-BRK.B.US-001,2026-07-09,BRK.B.US,master-investment-checklist,WB-VAL-01,pass,"按496.03美元和2026Q1账面价值估算约1.47倍PB，不是深度低估，但相对质量、防御性和Morningstar 510美元B股公允价值估计仍可接受。",""
DEC-20260709-BRK.B.US-001,REC-20260709-BRK.B.US-001,2026-07-09,BRK.B.US,master-investment-checklist,WB-RISK-01,pass,"主要失败路径清晰，且与当前AI集中仓位相关性较低。",""
DEC-20260709-BRK.B.US-001,REC-20260709-BRK.B.US-001,2026-07-09,BRK.B.US,master-investment-checklist,WB-BIAS-01,pass,"不是追逐热门叙事，而是补组合短板。",""
DEC-20260709-BRK.B.US-001,REC-20260709-BRK.B.US-001,2026-07-09,BRK.B.US,master-investment-checklist,WB-REV-04,pass,"已写入recommendations.csv，纳入批量复盘。",""
DEC-20260709-MSFT.US-001,REC-20260709-MSFT.US-001,2026-07-09,MSFT.US,master-investment-checklist,WB-POL-01,pass,"美股上市公司，属于允许研究范围。",""
DEC-20260709-MSFT.US-001,REC-20260709-MSFT.US-001,2026-07-09,MSFT.US,master-investment-checklist,WB-COMP-01,pass,"可解释为云、企业软件、生产力工具、开发者平台和AI服务。",""
DEC-20260709-MSFT.US-001,REC-20260709-MSFT.US-001,2026-07-09,MSFT.US,master-investment-checklist,WB-BUS-01,pass,"企业客户黏性、生态、开发者平台和云规模优势强。",""
DEC-20260709-MSFT.US-001,REC-20260709-MSFT.US-001,2026-07-09,MSFT.US,master-investment-checklist,WB-FIN-01,pass,"FY2026 Q3经营利润和利润率仍强。",""
DEC-20260709-MSFT.US-001,REC-20260709-MSFT.US-001,2026-07-09,MSFT.US,master-investment-checklist,WB-VAL-01,pass,"相对增长和质量，当前估值比多数AI芯片叙事更可接受。",""
DEC-20260709-MSFT.US-001,REC-20260709-MSFT.US-001,2026-07-09,MSFT.US,master-investment-checklist,WB-RISK-01,pass,"主要风险集中在AI capex回报、Azure增速和监管。",""
DEC-20260709-MSFT.US-001,REC-20260709-MSFT.US-001,2026-07-09,MSFT.US,master-investment-checklist,WB-BIAS-01,pass,"加仓理由来自质量和估值回撤，不是摊低成本本身。",""
DEC-20260709-MSFT.US-001,REC-20260709-MSFT.US-001,2026-07-09,MSFT.US,master-investment-checklist,WB-REV-04,pass,"已写入recommendations.csv，纳入批量复盘。",""
DEC-20260709-GOOGL.US-001,REC-20260709-GOOGL.US-001,2026-07-09,GOOGL.US,master-investment-checklist,WB-POL-01,pass,"美股上市公司，属于允许研究范围。",""
DEC-20260709-GOOGL.US-001,REC-20260709-GOOGL.US-001,2026-07-09,GOOGL.US,master-investment-checklist,WB-COMP-01,pass,"可解释为搜索广告、YouTube、云和AI平台。",""
DEC-20260709-GOOGL.US-001,REC-20260709-GOOGL.US-001,2026-07-09,GOOGL.US,master-investment-checklist,WB-BUS-01,pass,"搜索分发、广告网络、数据、云基础设施和AI模型形成规模优势。",""
DEC-20260709-GOOGL.US-001,REC-20260709-GOOGL.US-001,2026-07-09,GOOGL.US,master-investment-checklist,WB-FIN-01,pass,"2026Q1收入双位数增长，服务业务仍强。",""
DEC-20260709-GOOGL.US-001,REC-20260709-GOOGL.US-001,2026-07-09,GOOGL.US,master-investment-checklist,WB-VAL-01,unknown,"成长强但估值不低，关键取决于Q2对AI搜索和capex的验证。",""
DEC-20260709-GOOGL.US-001,REC-20260709-GOOGL.US-001,2026-07-09,GOOGL.US,master-investment-checklist,WB-RISK-01,pass,"主要失败路径已列出，且可通过财报触发复核。",""
DEC-20260709-GOOGL.US-001,REC-20260709-GOOGL.US-001,2026-07-09,GOOGL.US,master-investment-checklist,WB-BIAS-01,pass,"小仓是为控制财报前不确定性，不是追逐热门AI叙事。",""
DEC-20260709-GOOGL.US-001,REC-20260709-GOOGL.US-001,2026-07-09,GOOGL.US,master-investment-checklist,WB-REV-04,pass,"已写入recommendations.csv，纳入批量复盘。",""
DEC-20260710-CBRS.US-001,REC-20260710-CBRS.US-001,2026-07-10,CBRS.US,master-investment-checklist,WB-POL-01,pass,"Nasdaq普通股，在允许范围内。",""
DEC-20260710-CBRS.US-001,REC-20260710-CBRS.US-001,2026-07-10,CBRS.US,master-investment-checklist,WB-COMP-01,pass,"晶圆级芯片、系统与云算力业务可解释。",""
DEC-20260710-CBRS.US-001,REC-20260710-CBRS.US-001,2026-07-10,CBRS.US,master-investment-checklist,WB-BUS-01,unknown,"技术差异化尚未跨周期验证。",""
DEC-20260710-CBRS.US-001,REC-20260710-CBRS.US-001,2026-07-10,CBRS.US,master-investment-checklist,WB-FIN-01,fail,"高增长但持续盈利能力不足。",""
DEC-20260710-CBRS.US-001,REC-20260710-CBRS.US-001,2026-07-10,CBRS.US,master-investment-checklist,WB-VAL-01,fail,"估值对远期执行要求很高。",""
DEC-20260710-CBRS.US-001,REC-20260710-CBRS.US-001,2026-07-10,CBRS.US,master-investment-checklist,WB-RISK-01,fail,"客户集中、资本承诺、稀释与解禁风险高。",""
DEC-20260710-CBRS.US-001,REC-20260710-CBRS.US-001,2026-07-10,CBRS.US,master-investment-checklist,WB-BIAS-01,pass,"未把OpenAI或欧洲公告直接等同于买点。",""
DEC-20260710-CBRS.US-001,REC-20260710-CBRS.US-001,2026-07-10,CBRS.US,master-investment-checklist,WB-REV-04,pass,"已写入批量复盘与推荐索引。",""
DEC-20260710-002050.SZ-001,REC-20260710-002050.SZ-001,2026-07-10,002050.SZ,master-investment-checklist,WB-POL-01,pass,"A股普通股，在允许范围内。",""
DEC-20260710-002050.SZ-001,REC-20260710-002050.SZ-001,2026-07-10,002050.SZ,master-investment-checklist,WB-COMP-01,pass,"主业与机器人液冷相邻业务可解释。",""
DEC-20260710-002050.SZ-001,REC-20260710-002050.SZ-001,2026-07-10,002050.SZ,master-investment-checklist,WB-BUS-01,pass,"热管理与控制零部件主业有规模和客户基础。",""
DEC-20260710-002050.SZ-001,REC-20260710-002050.SZ-001,2026-07-10,002050.SZ,master-investment-checklist,WB-FIN-01,pass,"既有财务质量较好，但中报尚未更新。",""
DEC-20260710-002050.SZ-001,REC-20260710-002050.SZ-001,2026-07-10,002050.SZ,master-investment-checklist,WB-VAL-01,fail,"安全边际仍不充分。",""
DEC-20260710-002050.SZ-001,REC-20260710-002050.SZ-001,2026-07-10,002050.SZ,master-investment-checklist,WB-RISK-01,fail,"订单、估值和题材拥挤风险未解。",""
DEC-20260710-002050.SZ-001,REC-20260710-002050.SZ-001,2026-07-10,002050.SZ,master-investment-checklist,WB-BIAS-01,pass,"未把盘中触及阈值当成买点。",""
DEC-20260710-002050.SZ-001,REC-20260710-002050.SZ-001,2026-07-10,002050.SZ,master-investment-checklist,WB-REV-04,pass,"已写入批量复盘与推荐索引。",""
DEC-20260710-601689.SH-001,REC-20260710-601689.SH-001,2026-07-10,601689.SH,master-investment-checklist,WB-POL-01,pass,"A股普通股，在允许范围内。",""
DEC-20260710-601689.SH-001,REC-20260710-601689.SH-001,2026-07-10,601689.SH,master-investment-checklist,WB-COMP-01,pass,"平台型汽车零部件业务可解释。",""
DEC-20260710-601689.SH-001,REC-20260710-601689.SH-001,2026-07-10,601689.SH,master-investment-checklist,WB-BUS-01,unknown,"新业务壁垒和订单规模待验证。",""
DEC-20260710-601689.SH-001,REC-20260710-601689.SH-001,2026-07-10,601689.SH,master-investment-checklist,WB-FIN-01,fail,"既有证据仍是收入增、利润降。",""
DEC-20260710-601689.SH-001,REC-20260710-601689.SH-001,2026-07-10,601689.SH,master-investment-checklist,WB-VAL-01,fail,"利润未修复时安全边际不足。",""
DEC-20260710-601689.SH-001,REC-20260710-601689.SH-001,2026-07-10,601689.SH,master-investment-checklist,WB-RISK-01,fail,"利润率、产能爬坡和题材风险并存。",""
DEC-20260710-601689.SH-001,REC-20260710-601689.SH-001,2026-07-10,601689.SH,master-investment-checklist,WB-BIAS-01,pass,"未把盘中触及58.40当成突破。",""
DEC-20260710-601689.SH-001,REC-20260710-601689.SH-001,2026-07-10,601689.SH,master-investment-checklist,WB-REV-04,pass,"已写入批量复盘与推荐索引。",""
DEC-20260710-688017.SH-001,REC-20260710-688017.SH-001,2026-07-10,688017.SH,master-investment-checklist,WB-POL-01,pass,"科创板普通股，在允许范围内。",""
DEC-20260710-688017.SH-001,REC-20260710-688017.SH-001,2026-07-10,688017.SH,master-investment-checklist,WB-COMP-01,pass,"谐波减速器与自动化业务可解释。",""
DEC-20260710-688017.SH-001,REC-20260710-688017.SH-001,2026-07-10,688017.SH,master-investment-checklist,WB-BUS-01,pass,"细分龙头地位仍是强项。",""
DEC-20260710-688017.SH-001,REC-20260710-688017.SH-001,2026-07-10,688017.SH,master-investment-checklist,WB-FIN-01,unknown,"利润增长但现金流待半年报验证。",""
DEC-20260710-688017.SH-001,REC-20260710-688017.SH-001,2026-07-10,688017.SH,master-investment-checklist,WB-VAL-01,fail,"估值远高于已披露利润体量。",""
DEC-20260710-688017.SH-001,REC-20260710-688017.SH-001,2026-07-10,688017.SH,master-investment-checklist,WB-RISK-01,fail,"商业化、估值和波动风险高。",""
DEC-20260710-688017.SH-001,REC-20260710-688017.SH-001,2026-07-10,688017.SH,master-investment-checklist,WB-BIAS-01,pass,"已区分除息、反弹与价值改善。",""
DEC-20260710-688017.SH-001,REC-20260710-688017.SH-001,2026-07-10,688017.SH,master-investment-checklist,WB-REV-04,pass,"已写入批量复盘与推荐索引。",""
DEC-20260710-688322.SH-001,REC-20260710-688322.SH-001,2026-07-10,688322.SH,master-investment-checklist,WB-POL-01,pass,"科创板普通股，在允许范围内。",""
DEC-20260710-688322.SH-001,REC-20260710-688322.SH-001,2026-07-10,688322.SH,master-investment-checklist,WB-POL-03,pass,"盘中成交额超11亿元，流动性足以支持退出。",""
DEC-20260710-688322.SH-001,REC-20260710-688322.SH-001,2026-07-10,688322.SH,master-investment-checklist,WB-COMP-01,pass,"3D视觉业务可解释。",""
DEC-20260710-688322.SH-001,REC-20260710-688322.SH-001,2026-07-10,688322.SH,master-investment-checklist,WB-BUS-01,unknown,"订单黏性和长期护城河待验证。",""
DEC-20260710-688322.SH-001,REC-20260710-688322.SH-001,2026-07-10,688322.SH,master-investment-checklist,WB-BUS-04,unknown,"机器人和海外需求较强，但尚未推动总收入高增长。",""
DEC-20260710-688322.SH-001,REC-20260710-688322.SH-001,2026-07-10,688322.SH,master-investment-checklist,WB-FIN-01,unknown,"利润改善，但2026Q1总收入增速只有6.19%。",""
DEC-20260710-688322.SH-001,REC-20260710-688322.SH-001,2026-07-10,688322.SH,master-investment-checklist,WB-FIN-02,fail,"2026Q1经营现金流-1.17亿元，需等票据兑现验证。",""
DEC-20260710-688322.SH-001,REC-20260710-688322.SH-001,2026-07-10,688322.SH,master-investment-checklist,WB-FIN-03,pass,"定增募资净额约9.75亿元，资产负债表风险可控。",""
DEC-20260710-688322.SH-001,REC-20260710-688322.SH-001,2026-07-10,688322.SH,master-investment-checklist,WB-GROW-01,pass,"机器人、海外和数据采集平台提供明确增长驱动。",""
DEC-20260710-688322.SH-001,REC-20260710-688322.SH-001,2026-07-10,688322.SH,master-investment-checklist,WB-GROW-04,pass,"用收入增速、订单转收入、现金流和毛利率证伪。",""
DEC-20260710-688322.SH-001,REC-20260710-688322.SH-001,2026-07-10,688322.SH,master-investment-checklist,WB-VAL-01,pass,"采用滚动PE/PS、PB和逆向增长要求评估。",""
DEC-20260710-688322.SH-001,REC-20260710-688322.SH-001,2026-07-10,688322.SH,master-investment-checklist,WB-VAL-02,fail,"约381倍滚动PE对保守假设不合理。",""
DEC-20260710-688322.SH-001,REC-20260710-688322.SH-001,2026-07-10,688322.SH,master-investment-checklist,WB-VAL-03,fail,"相对机器视觉同业亦处于显著估值溢价。",""
DEC-20260710-688322.SH-001,REC-20260710-688322.SH-001,2026-07-10,688322.SH,master-investment-checklist,WB-VAL-04,fail,"目前价格没有足够安全边际。",""
DEC-20260710-688322.SH-001,REC-20260710-688322.SH-001,2026-07-10,688322.SH,master-investment-checklist,WB-CYCLE-03,fail,"盘中上冲未完成收盘确认，仍低于10/20日线。",""
DEC-20260710-688322.SH-001,REC-20260710-688322.SH-001,2026-07-10,688322.SH,master-investment-checklist,WB-CYCLE-04,fail,"机器人题材拥挤且近20日振幅很大。",""
DEC-20260710-688322.SH-001,REC-20260710-688322.SH-001,2026-07-10,688322.SH,master-investment-checklist,WB-RISK-01,fail,"估值压缩、订单不转收入、股份供给和题材退潮风险未解。",""
DEC-20260710-688322.SH-001,REC-20260710-688322.SH-001,2026-07-10,688322.SH,master-investment-checklist,WB-RISK-04,fail,"当前估值下，上行需要远超已披露数据的利润增长。",""
DEC-20260710-688322.SH-001,REC-20260710-688322.SH-001,2026-07-10,688322.SH,master-investment-checklist,WB-BIAS-01,pass,"未把机器人眼睛叙事当买点。",""
DEC-20260710-688322.SH-001,REC-20260710-688322.SH-001,2026-07-10,688322.SH,master-investment-checklist,WB-REV-04,pass,"已写入批量复盘与推荐索引。",""
DEC-20260710-603986.SH-001,REC-20260710-603986.SH-001,2026-07-10,603986.SH,master-investment-checklist,WB-POL-01,pass,"A股普通股，在允许范围内。",""
DEC-20260710-603986.SH-001,REC-20260710-603986.SH-001,2026-07-10,603986.SH,master-investment-checklist,WB-COMP-01,pass,"存储、MCU与模拟芯片业务可解释。",""
DEC-20260710-603986.SH-001,REC-20260710-603986.SH-001,2026-07-10,603986.SH,master-investment-checklist,WB-BUS-01,pass,"产品矩阵与国内领先地位较强。",""
DEC-20260710-603986.SH-001,REC-20260710-603986.SH-001,2026-07-10,603986.SH,master-investment-checklist,WB-FIN-01,pass,"2026Q1收入、利润和现金流高增。",""
DEC-20260710-603986.SH-001,REC-20260710-603986.SH-001,2026-07-10,603986.SH,master-investment-checklist,WB-VAL-01,fail,"高估值仍要求持续超预期。",""
DEC-20260710-603986.SH-001,REC-20260710-603986.SH-001,2026-07-10,603986.SH,master-investment-checklist,WB-RISK-01,fail,"周期反转和高位波动风险高。",""
DEC-20260710-603986.SH-001,REC-20260710-603986.SH-001,2026-07-10,603986.SH,master-investment-checklist,WB-BIAS-01,pass,"未因错过前段反弹而盘中追买。",""
DEC-20260710-603986.SH-001,REC-20260710-603986.SH-001,2026-07-10,603986.SH,master-investment-checklist,WB-REV-04,pass,"已写入批量复盘与推荐索引。",""
DEC-20260710-600522.SH-001,REC-20260710-600522.SH-001,2026-07-10,600522.SH,master-investment-checklist,WB-POL-01,pass,"A股普通股，在允许范围内。",""
DEC-20260710-600522.SH-001,REC-20260710-600522.SH-001,2026-07-10,600522.SH,master-investment-checklist,WB-COMP-01,pass,"多条实体业务线可解释。",""
DEC-20260710-600522.SH-001,REC-20260710-600522.SH-001,2026-07-10,600522.SH,master-investment-checklist,WB-BUS-01,pass,"棒纤缆、海缆和电网积累较强。",""
DEC-20260710-600522.SH-001,REC-20260710-600522.SH-001,2026-07-10,600522.SH,master-investment-checklist,WB-FIN-01,unknown,"利润强、现金流与营运资本偏弱。",""
DEC-20260710-600522.SH-001,REC-20260710-600522.SH-001,2026-07-10,600522.SH,master-investment-checklist,WB-VAL-01,fail,"反弹后安全边际仍有限。",""
DEC-20260710-600522.SH-001,REC-20260710-600522.SH-001,2026-07-10,600522.SH,master-investment-checklist,WB-RISK-01,fail,"周期、融资盘和现金流风险未解。",""
DEC-20260710-600522.SH-001,REC-20260710-600522.SH-001,2026-07-10,600522.SH,master-investment-checklist,WB-BIAS-01,pass,"未把盘中49.78当成收盘突破。",""
DEC-20260710-600522.SH-001,REC-20260710-600522.SH-001,2026-07-10,600522.SH,master-investment-checklist,WB-REV-04,pass,"已写入批量复盘与推荐索引。",""
DEC-20260710-002594.SZ-001,REC-20260710-002594.SZ-001,2026-07-10,002594.SZ,master-investment-checklist,WB-POL-01,pass,"A股普通股，在允许范围内。",""
DEC-20260710-002594.SZ-001,REC-20260710-002594.SZ-001,2026-07-10,002594.SZ,master-investment-checklist,WB-COMP-01,pass,"整车、电池、储能与出海业务可解释。",""
DEC-20260710-002594.SZ-001,REC-20260710-002594.SZ-001,2026-07-10,002594.SZ,master-investment-checklist,WB-BUS-01,pass,"规模、研发与垂直整合优势明确。",""
DEC-20260710-002594.SZ-001,REC-20260710-002594.SZ-001,2026-07-10,002594.SZ,master-investment-checklist,WB-FIN-01,fail,"2026Q1利润和现金流压力大。",""
DEC-20260710-002594.SZ-001,REC-20260710-002594.SZ-001,2026-07-10,002594.SZ,master-investment-checklist,WB-VAL-01,unknown,"估值取决于盈利修复速度。",""
DEC-20260710-002594.SZ-001,REC-20260710-002594.SZ-001,2026-07-10,002594.SZ,master-investment-checklist,WB-RISK-01,pass,"失败路径清晰且可按销量财报复核。",""
DEC-20260710-002594.SZ-001,REC-20260710-002594.SZ-001,2026-07-10,002594.SZ,master-investment-checklist,WB-BIAS-01,pass,"未因龙头与回撤叙事提前买入。",""
DEC-20260710-002594.SZ-001,REC-20260710-002594.SZ-001,2026-07-10,002594.SZ,master-investment-checklist,WB-REV-04,pass,"已写入批量复盘与推荐索引。",""
DEC-20260710-AVGO.US-001,REC-20260710-AVGO.US-001,2026-07-10,AVGO.US,master-investment-checklist,WB-POL-01,pass,"美股普通股，在允许范围内。",""
DEC-20260710-AVGO.US-001,REC-20260710-AVGO.US-001,2026-07-10,AVGO.US,master-investment-checklist,WB-COMP-01,pass,"芯片、网络与软件业务可解释。",""
DEC-20260710-AVGO.US-001,REC-20260710-AVGO.US-001,2026-07-10,AVGO.US,master-investment-checklist,WB-BUS-01,pass,"定制ASIC、网络和软件黏性强。",""
DEC-20260710-AVGO.US-001,REC-20260710-AVGO.US-001,2026-07-10,AVGO.US,master-investment-checklist,WB-FIN-01,pass,"最新季度增长与利润率强。",""
DEC-20260710-AVGO.US-001,REC-20260710-AVGO.US-001,2026-07-10,AVGO.US,master-investment-checklist,WB-VAL-01,fail,"乐观AI预期仍较充分。",""
DEC-20260710-AVGO.US-001,REC-20260710-AVGO.US-001,2026-07-10,AVGO.US,master-investment-checklist,WB-RISK-01,fail,"组合集中度高于公司层面风险。",""
DEC-20260710-AVGO.US-001,REC-20260710-AVGO.US-001,2026-07-10,AVGO.US,master-investment-checklist,WB-BIAS-01,pass,"未因上涨与浮盈继续加码。",""
DEC-20260710-AVGO.US-001,REC-20260710-AVGO.US-001,2026-07-10,AVGO.US,master-investment-checklist,WB-REV-04,pass,"已写入批量复盘与推荐索引。",""
DEC-20260710-BRK.B.US-001,REC-20260710-BRK.B.US-001,2026-07-10,BRK.B.US,master-investment-checklist,WB-POL-01,pass,"美股普通股，在允许范围内。",""
DEC-20260710-BRK.B.US-001,REC-20260710-BRK.B.US-001,2026-07-10,BRK.B.US,master-investment-checklist,WB-COMP-01,pass,"保险、实业与投资组合可解释。",""
DEC-20260710-BRK.B.US-001,REC-20260710-BRK.B.US-001,2026-07-10,BRK.B.US,master-investment-checklist,WB-BUS-01,pass,"浮存金、规模与资本配置构成优势。",""
DEC-20260710-BRK.B.US-001,REC-20260710-BRK.B.US-001,2026-07-10,BRK.B.US,master-investment-checklist,WB-FIN-01,pass,"经营利润与资产负债表强。",""
DEC-20260710-BRK.B.US-001,REC-20260710-BRK.B.US-001,2026-07-10,BRK.B.US,master-investment-checklist,WB-VAL-01,pass,"质量合理价，仍低于520暂停线。",""
DEC-20260710-BRK.B.US-001,REC-20260710-BRK.B.US-001,2026-07-10,BRK.B.US,master-investment-checklist,WB-RISK-01,pass,"风险可识别且与科技仓相关性低。",""
DEC-20260710-BRK.B.US-001,REC-20260710-BRK.B.US-001,2026-07-10,BRK.B.US,master-investment-checklist,WB-BIAS-01,pass,"买入理由是组合角色而非追高。",""
DEC-20260710-BRK.B.US-001,REC-20260710-BRK.B.US-001,2026-07-10,BRK.B.US,master-investment-checklist,WB-REV-04,pass,"已写入批量复盘与推荐索引。",""
DEC-20260710-MSFT.US-001,REC-20260710-MSFT.US-001,2026-07-10,MSFT.US,master-investment-checklist,WB-POL-01,pass,"美股普通股，在允许范围内。",""
DEC-20260710-MSFT.US-001,REC-20260710-MSFT.US-001,2026-07-10,MSFT.US,master-investment-checklist,WB-COMP-01,pass,"云、软件与AI平台业务可解释。",""
DEC-20260710-MSFT.US-001,REC-20260710-MSFT.US-001,2026-07-10,MSFT.US,master-investment-checklist,WB-BUS-01,pass,"企业生态和转换成本强。",""
DEC-20260710-MSFT.US-001,REC-20260710-MSFT.US-001,2026-07-10,MSFT.US,master-investment-checklist,WB-FIN-01,pass,"最新季度利润与利润率强。",""
DEC-20260710-MSFT.US-001,REC-20260710-MSFT.US-001,2026-07-10,MSFT.US,master-investment-checklist,WB-VAL-01,pass,"相对质量可接受但较昨日吸引力下降。",""
DEC-20260710-MSFT.US-001,REC-20260710-MSFT.US-001,2026-07-10,MSFT.US,master-investment-checklist,WB-RISK-01,pass,"capex、Azure与监管风险可复盘。",""
DEC-20260710-MSFT.US-001,REC-20260710-MSFT.US-001,2026-07-10,MSFT.US,master-investment-checklist,WB-BIAS-01,pass,"加仓基于业务与估值，不是摊平成本。",""
DEC-20260710-MSFT.US-001,REC-20260710-MSFT.US-001,2026-07-10,MSFT.US,master-investment-checklist,WB-REV-04,pass,"已写入批量复盘与推荐索引。",""
DEC-20260710-GOOGL.US-001,REC-20260710-GOOGL.US-001,2026-07-10,GOOGL.US,master-investment-checklist,WB-POL-01,pass,"美股普通股，在允许范围内。",""
DEC-20260710-GOOGL.US-001,REC-20260710-GOOGL.US-001,2026-07-10,GOOGL.US,master-investment-checklist,WB-COMP-01,pass,"搜索、广告、视频与云业务可解释。",""
DEC-20260710-GOOGL.US-001,REC-20260710-GOOGL.US-001,2026-07-10,GOOGL.US,master-investment-checklist,WB-BUS-01,pass,"分发、数据和基础设施规模强。",""
DEC-20260710-GOOGL.US-001,REC-20260710-GOOGL.US-001,2026-07-10,GOOGL.US,master-investment-checklist,WB-FIN-01,pass,"2026Q1双位数增长。",""
DEC-20260710-GOOGL.US-001,REC-20260710-GOOGL.US-001,2026-07-10,GOOGL.US,master-investment-checklist,WB-VAL-01,unknown,"财报将决定当前安全边际。",""
DEC-20260710-GOOGL.US-001,REC-20260710-GOOGL.US-001,2026-07-10,GOOGL.US,master-investment-checklist,WB-RISK-01,pass,"搜索、capex与监管风险可复盘。",""
DEC-20260710-GOOGL.US-001,REC-20260710-GOOGL.US-001,2026-07-10,GOOGL.US,master-investment-checklist,WB-BIAS-01,pass,"用小仓控制财报事件风险。",""
DEC-20260710-GOOGL.US-001,REC-20260710-GOOGL.US-001,2026-07-10,GOOGL.US,master-investment-checklist,WB-REV-04,pass,"已写入批量复盘与推荐索引。",""
DEC-20260710-3896.HK-001,REC-20260710-3896.HK-001,2026-07-10,3896.HK,master-investment-checklist,WB-POL-01,pass,"港股普通股在允许范围内，成交量足以支持退出。",""
DEC-20260710-3896.HK-001,REC-20260710-3896.HK-001,2026-07-10,3896.HK,master-investment-checklist,WB-COMP-01,pass,"公共云、AI 算力和企业云业务可用简单语言解释。",""
DEC-20260710-3896.HK-001,REC-20260710-3896.HK-001,2026-07-10,3896.HK,master-investment-checklist,WB-BUS-01,unknown,"生态协同带来订单，但独立持久护城河尚未由毛利或回报率证明。",""
DEC-20260710-3896.HK-001,REC-20260710-3896.HK-001,2026-07-10,3896.HK,master-investment-checklist,WB-FIN-01,fail,"收入高增长，但毛利率下降、GAAP 仍亏损且资本开支强度高。",""
DEC-20260710-3896.HK-001,REC-20260710-3896.HK-001,2026-07-10,3896.HK,master-investment-checklist,WB-VAL-01,unknown,"年化 P/S 约 2.1 倍，安全边际取决于单位经济性与现金流改善。",""
DEC-20260710-3896.HK-001,REC-20260710-3896.HK-001,2026-07-10,3896.HK,master-investment-checklist,WB-RISK-01,pass,"毛利压缩、资本开支、再融资、客户集中和技术风险均有触发条件。",""
DEC-20260710-3896.HK-001,REC-20260710-3896.HK-001,2026-07-10,3896.HK,master-investment-checklist,WB-BIAS-01,pass,"不因 AI 叙事或单日上涨追价，使用条件入场和 tiny 仓控制偏差。",""
DEC-20260710-3896.HK-001,REC-20260710-3896.HK-001,2026-07-10,3896.HK,master-investment-checklist,WB-REV-04,pass,"已写入推荐、决策、个股和检查清单索引。",""
DEC-20260710-DAL.US-001,REC-20260710-DAL.US-001,2026-07-10,DAL.US,master-investment-checklist,WB-POL-01,pass,"美股普通股，属于允许研究范围，流动性足以支持退出。",""
DEC-20260710-DAL.US-001,REC-20260710-DAL.US-001,2026-07-10,DAL.US,master-investment-checklist,WB-COMP-01,pass,"业务可解释为客运、货运、忠诚度和联名卡经济。",""
DEC-20260710-DAL.US-001,REC-20260710-DAL.US-001,2026-07-10,DAL.US,master-investment-checklist,WB-BUS-01,pass,"品牌、枢纽网络、高端客群和忠诚度体系构成相对优势。",""
DEC-20260710-DAL.US-001,REC-20260710-DAL.US-001,2026-07-10,DAL.US,master-investment-checklist,WB-FIN-01,unknown,"一季度盈利可接受，但本次交易取决于尚未发布的二季报。",""
DEC-20260710-DAL.US-001,REC-20260710-DAL.US-001,2026-07-10,DAL.US,master-investment-checklist,WB-VAL-01,unknown,"滚动市盈率不高，但周期盈利和航油成本会快速改变估值。",""
DEC-20260710-DAL.US-001,REC-20260710-DAL.US-001,2026-07-10,DAL.US,master-investment-checklist,WB-RISK-01,pass,"油价、需求、指引和跳空风险均有明确失败条件。",""
DEC-20260710-DAL.US-001,REC-20260710-DAL.US-001,2026-07-10,DAL.US,master-investment-checklist,WB-BIAS-01,pass,"不在财报前赌方向，只在事实和价格共同确认后参与。",""
DEC-20260710-DAL.US-001,REC-20260710-DAL.US-001,2026-07-10,DAL.US,master-investment-checklist,WB-REV-04,pass,"已写入推荐索引并纳入批量复盘。",""
DEC-20260710-AMZN.US-001,REC-20260710-AMZN.US-001,2026-07-10,AMZN.US,master-investment-checklist,WB-POL-01,pass,"美股普通股，流动性高，属于允许范围。",""
DEC-20260710-AMZN.US-001,REC-20260710-AMZN.US-001,2026-07-10,AMZN.US,master-investment-checklist,WB-COMP-01,pass,"业务可解释为电商、第三方平台、AWS、广告和订阅。",""
DEC-20260710-AMZN.US-001,REC-20260710-AMZN.US-001,2026-07-10,AMZN.US,master-investment-checklist,WB-BUS-01,pass,"物流网络、Prime、AWS 规模和开发者生态形成优势。",""
DEC-20260710-AMZN.US-001,REC-20260710-AMZN.US-001,2026-07-10,AMZN.US,master-investment-checklist,WB-FIN-01,pass,"2026Q1 收入、AWS 增长和营业利润同步改善。",""
DEC-20260710-AMZN.US-001,REC-20260710-AMZN.US-001,2026-07-10,AMZN.US,master-investment-checklist,WB-VAL-01,unknown,"约 29.6 倍滚动市盈率可接受但没有明显短线安全边际。",""
DEC-20260710-AMZN.US-001,REC-20260710-AMZN.US-001,2026-07-10,AMZN.US,master-investment-checklist,WB-RISK-01,pass,"大盘、地缘、CPI、capex 和组合相关性风险均有触发条件。",""
DEC-20260710-AMZN.US-001,REC-20260710-AMZN.US-001,2026-07-10,AMZN.US,master-investment-checklist,WB-BIAS-01,pass,"不追高，只在回踩或突破确认后用 tiny 仓参与。",""
DEC-20260710-AMZN.US-001,REC-20260710-AMZN.US-001,2026-07-10,AMZN.US,master-investment-checklist,WB-REV-04,pass,"已写入推荐索引并纳入批量复盘。",""
DEC-20260710-SPCX.US-001,REC-20260710-SPCX.US-001,2026-07-10,SPCX.US,master-investment-checklist,WB-POL-01,pass,"Nasdaq 普通股，流动性充足，属于允许研究范围。",""
DEC-20260710-SPCX.US-001,REC-20260710-SPCX.US-001,2026-07-10,SPCX.US,master-investment-checklist,WB-COMP-01,pass,"业务可解释为发射、卫星通信、移动直连、AI 模型与算力基础设施。",""
DEC-20260710-SPCX.US-001,REC-20260710-SPCX.US-001,2026-07-10,SPCX.US,master-investment-checklist,WB-BUS-01,pass,"Falcon 复用、垂直整合、Starlink 星座规模与频谱构成强护城河。",""
DEC-20260710-SPCX.US-001,REC-20260710-SPCX.US-001,2026-07-10,SPCX.US,master-investment-checklist,WB-FIN-01,fail,"Starlink 有利润，但集团 GAAP 亏损且资本开支远高于经营现金流。",""
DEC-20260710-SPCX.US-001,REC-20260710-SPCX.US-001,2026-07-10,SPCX.US,master-investment-checklist,WB-VAL-01,fail,"约 107 倍 2025 年销售额，需要多个远期项目同时成功，安全边际不足。",""
DEC-20260710-SPCX.US-001,REC-20260710-SPCX.US-001,2026-07-10,SPCX.US,master-investment-checklist,WB-RISK-01,pass,"Starship、AI 现金消耗、稀释、债务、政府依赖、监管和治理风险均有明确触发。",""
DEC-20260710-SPCX.US-001,REC-20260710-SPCX.US-001,2026-07-10,SPCX.US,master-investment-checklist,WB-BIAS-01,fail,"主要动机是相信马斯克，存在创始人光环与故事锚定偏差。",""
DEC-20260710-SPCX.US-001,REC-20260710-SPCX.US-001,2026-07-10,SPCX.US,master-investment-checklist,WB-REV-04,pass,"已写入推荐、决策、个股与检查清单索引。",""
DEC-20260713-07709.HK-001,REC-20260713-07709.HK-001,2026-07-13,07709.HK,master-investment-checklist,WB-POL-01,fail,"项目政策对杠杆产品默认回避；用户虽明确要求研究，但本产品不适合作为常规持仓。",""
DEC-20260713-07709.HK-001,REC-20260713-07709.HK-001,2026-07-13,07709.HK,master-investment-checklist,WB-POL-03,pass,"港交所上市、每手100份且有多家庄家；正常市场流动性较好，极端行情仍可能出现滑点和偏离。",""
DEC-20260713-07709.HK-001,REC-20260713-07709.HK-001,2026-07-13,07709.HK,master-investment-checklist,WB-POL-04,unknown,"已知金额约3万港元，但未知其占组合比例和风险预算。",""
DEC-20260713-07709.HK-001,REC-20260713-07709.HK-001,2026-07-13,07709.HK,master-investment-checklist,WB-COMP-01,pass,"产品通过掉期及期权取得SK海力士韩国普通股每日回报约2倍。",""
DEC-20260713-07709.HK-001,REC-20260713-07709.HK-001,2026-07-13,07709.HK,master-investment-checklist,WB-COMP-03,pass,"期权使用比例、实时NAV、组合占比、持有周期和可承受亏损均已列为未知。",""
DEC-20260713-07709.HK-001,REC-20260713-07709.HK-001,2026-07-13,07709.HK,master-investment-checklist,WB-BUS-01,na,"产品本身没有经营护城河；标的公司在HBM具领先地位，但不能抵消产品结构风险。",""
DEC-20260713-07709.HK-001,REC-20260713-07709.HK-001,2026-07-13,07709.HK,master-investment-checklist,WB-FIN-01,pass,"标的公司2026Q1盈利与净现金强，但二季度是否再次超预期仍待验证。",""
DEC-20260713-07709.HK-001,REC-20260713-07709.HK-001,2026-07-13,07709.HK,master-investment-checklist,WB-VAL-01,na,"每日杠杆产品不适合用普通公司估值判断；滞后NAV不能当作实时安全边际。",""
DEC-20260713-07709.HK-001,REC-20260713-07709.HK-001,2026-07-13,07709.HK,master-investment-checklist,WB-CYCLE-03,fail,"产品单日跌33%、标的创约17年最大跌幅，量价尚未确认企稳。",""
DEC-20260713-07709.HK-001,REC-20260713-07709.HK-001,2026-07-13,07709.HK,master-investment-checklist,WB-RISK-01,pass,"已明确每日杠杆、波动损耗、结构成本、跳空、ADR价差和业绩预期风险。",""
DEC-20260713-07709.HK-001,REC-20260713-07709.HK-001,2026-07-13,07709.HK,master-investment-checklist,WB-RISK-02,fail,"产品文件明确提示可在一天内损失大部分或全部本金，当前尾部回撤过大。",""
DEC-20260713-07709.HK-001,REC-20260713-07709.HK-001,2026-07-13,07709.HK,master-investment-checklist,WB-RISK-03,fail,"每日2倍、掉期、期权和对手方风险叠加。",""
DEC-20260713-07709.HK-001,REC-20260713-07709.HK-001,2026-07-13,07709.HK,master-investment-checklist,WB-BIAS-01,unknown,"买在暴跌后可能是有纪律的事件交易，也可能是跌多即便宜的锚定；缺少买入前计划。",""
DEC-20260713-07709.HK-001,REC-20260713-07709.HK-001,2026-07-13,07709.HK,master-investment-checklist,WB-REV-04,pass,"已写入决策、推荐、个股和检查清单索引。",""
DEC-20260714-07709.HK-001,REC-20260714-07709.HK-001,2026-07-14,07709.HK,master-investment-checklist,WB-POL-01,fail,"每日杠杆产品仍不适合作为常规持仓，只能作为已设止损的短线微小仓位。",""
DEC-20260714-07709.HK-001,REC-20260714-07709.HK-001,2026-07-14,07709.HK,master-investment-checklist,WB-POL-03,pass,"港股正常市场流动性尚可，但极端波动下仍有滑点和跨市场定价偏离。",""
DEC-20260714-07709.HK-001,REC-20260714-07709.HK-001,2026-07-14,07709.HK,master-investment-checklist,WB-POL-04,unknown,"3万港元占组合比例和借款情况未知。",""
DEC-20260714-07709.HK-001,REC-20260714-07709.HK-001,2026-07-14,07709.HK,master-investment-checklist,WB-COMP-01,pass,"产品为韩国普通股每日回报约2倍，不是ADR或长期两倍回报。",""
DEC-20260714-07709.HK-001,REC-20260714-07709.HK-001,2026-07-14,07709.HK,master-investment-checklist,WB-COMP-03,pass,"实时IOPV、报价同步、组合占比和衍生品敞口已列为未知。",""
DEC-20260714-07709.HK-001,REC-20260714-07709.HK-001,2026-07-14,07709.HK,master-investment-checklist,WB-CYCLE-03,fail,"正股盘中翻红但产品仍低于成本，收市企稳未确认。",""
DEC-20260714-07709.HK-001,REC-20260714-07709.HK-001,2026-07-14,07709.HK,master-investment-checklist,WB-RISK-01,pass,"50.90硬止损、韩国正股收市失效条件和2026-07-16时间止损均明确。",""
DEC-20260714-07709.HK-001,REC-20260714-07709.HK-001,2026-07-14,07709.HK,master-investment-checklist,WB-RISK-02,fail,"每日2倍产品的跳空与大额单日损失风险仍高。",""
DEC-20260714-07709.HK-001,REC-20260714-07709.HK-001,2026-07-14,07709.HK,master-investment-checklist,WB-RISK-03,fail,"掉期、期权、对手方和每日再平衡风险没有消失。",""
DEC-20260714-07709.HK-001,REC-20260714-07709.HK-001,2026-07-14,07709.HK,master-investment-checklist,WB-BIAS-01,pass,"没有因正股盘中翻红加仓，也没有因约4%浮亏随意移动止损。",""
DEC-20260714-07709.HK-001,REC-20260714-07709.HK-001,2026-07-14,07709.HK,master-investment-checklist,WB-REV-04,pass,"已完成旧决策复盘，并更新推荐、个股与检查清单索引。",""
DEC-20260714-688008.SH-001,REC-20260714-688008.SH-001,2026-07-14,688008.SH,master-investment-checklist,WB-POL-01,pass,"A股普通股，属于允许研究范围。",""
DEC-20260714-688008.SH-001,REC-20260714-688008.SH-001,2026-07-14,688008.SH,master-investment-checklist,WB-COMP-01,pass,"内存接口、时钟和高速互连芯片的价值链可解释。",""
DEC-20260714-688008.SH-001,REC-20260714-688008.SH-001,2026-07-14,688008.SH,master-investment-checklist,WB-BUS-01,pass,"认证壁垒、高毛利、轻资产和研发投入构成较强护城河。",""
DEC-20260714-688008.SH-001,REC-20260714-688008.SH-001,2026-07-14,688008.SH,master-investment-checklist,WB-FIN-01,pass,"盈利、经营现金流与资产负债表质量高。",""
DEC-20260714-688008.SH-001,REC-20260714-688008.SH-001,2026-07-14,688008.SH,master-investment-checklist,WB-VAL-01,fail,"Q1扣非简单年化对应约137倍，安全边际不足。",""
DEC-20260714-688008.SH-001,REC-20260714-688008.SH-001,2026-07-14,688008.SH,master-investment-checklist,WB-RISK-01,fail,"高波动、高预期、平台迭代和客户集中风险仍高。",""
DEC-20260714-688008.SH-001,REC-20260714-688008.SH-001,2026-07-14,688008.SH,master-investment-checklist,WB-BIAS-01,pass,"将公司质量和当前价格分开判断，没有因AI叙事追高。",""
DEC-20260714-688008.SH-001,REC-20260714-688008.SH-001,2026-07-14,688008.SH,master-investment-checklist,WB-REV-04,pass,"决策、个股档案和结构化索引已同步更新。",""
DEC-20260714-600584.SH-001,REC-20260714-600584.SH-001,2026-07-14,600584.SH,master-investment-checklist,WB-POL-01,pass,"A股普通股，属于允许研究范围。",""
DEC-20260714-600584.SH-001,REC-20260714-600584.SH-001,2026-07-14,600584.SH,master-investment-checklist,WB-COMP-01,pass,"封测制造、产品组合和产能扩张的盈利链条可解释。",""
DEC-20260714-600584.SH-001,REC-20260714-600584.SH-001,2026-07-14,600584.SH,master-investment-checklist,WB-BUS-01,pass,"规模、工艺平台、全球客户和质量认证构成壁垒。",""
DEC-20260714-600584.SH-001,REC-20260714-600584.SH-001,2026-07-14,600584.SH,master-investment-checklist,WB-FIN-01,unknown,"Q1利润和现金流改善，但收入下降、库存上升，2025年资本开支高于经营现金流。",""
DEC-20260714-600584.SH-001,REC-20260714-600584.SH-001,2026-07-14,600584.SH,master-investment-checklist,WB-VAL-01,fail,"Q1扣非简单年化对应约174倍，盈利与价格不匹配。",""
DEC-20260714-600584.SH-001,REC-20260714-600584.SH-001,2026-07-14,600584.SH,master-investment-checklist,WB-RISK-01,fail,"重资产扩张、产能爬坡、海外暴露和高位波动风险高。",""
DEC-20260714-600584.SH-001,REC-20260714-600584.SH-001,2026-07-14,600584.SH,master-investment-checklist,WB-BIAS-01,pass,"没有把强趋势和先进封装叙事当作充分买入证据。",""
DEC-20260714-600584.SH-001,REC-20260714-600584.SH-001,2026-07-14,600584.SH,master-investment-checklist,WB-REV-04,pass,"决策、个股档案和结构化索引已同步更新。",""
DEC-20260714-603986.SH-001,REC-20260714-603986.SH-001,2026-07-14,603986.SH,master-investment-checklist,WB-POL-01,pass,"A股普通股，属于允许研究范围。",""
DEC-20260714-603986.SH-001,REC-20260714-603986.SH-001,2026-07-14,603986.SH,master-investment-checklist,WB-COMP-01,pass,"存储、MCU、模拟和传感器产品及其周期驱动可解释。",""
DEC-20260714-603986.SH-001,REC-20260714-603986.SH-001,2026-07-14,603986.SH,master-investment-checklist,WB-BUS-01,pass,"产品矩阵、客户覆盖、Fabless模式和研发平台构成优势。",""
DEC-20260714-603986.SH-001,REC-20260714-603986.SH-001,2026-07-14,603986.SH,master-investment-checklist,WB-FIN-01,pass,"H1预告显示收入、扣非利润和Q1经营现金流大幅增长。",""
DEC-20260714-603986.SH-001,REC-20260714-603986.SH-001,2026-07-14,603986.SH,master-investment-checklist,WB-VAL-01,unknown,"H1扣非简单年化约42倍，但利润可能处于周期峰值。",""
DEC-20260714-603986.SH-001,REC-20260714-603986.SH-001,2026-07-14,603986.SH,master-investment-checklist,WB-RISK-01,fail,"存储周期、高波动、减持与估值压缩风险仍高。",""
DEC-20260714-603986.SH-001,REC-20260714-603986.SH-001,2026-07-14,603986.SH,master-investment-checklist,WB-BIAS-01,pass,"仅允许tiny，不把H1峰值线性外推，也不把它当HBM纯标的。",""
DEC-20260714-603986.SH-001,REC-20260714-603986.SH-001,2026-07-14,603986.SH,master-investment-checklist,WB-REV-04,pass,"新决策已替代2026-07-10旧判断，并同步更新索引。",""
DEC-20260715-07709.HK-001,REC-20260715-07709.HK-001,2026-07-15,07709.HK,master-investment-checklist,WB-POL-01,fail,"每日单股杠杆产品仍不适合作为常规持仓，只允许严格受限的战术尾仓。",""
DEC-20260715-07709.HK-001,REC-20260715-07709.HK-001,2026-07-15,07709.HK,master-investment-checklist,WB-POL-03,pass,"多家庄家、每手100份且成交活跃；极端波动时仍可能滑点或偏离。",""
DEC-20260715-07709.HK-001,REC-20260715-07709.HK-001,2026-07-15,07709.HK,master-investment-checklist,WB-POL-04,unknown,"已知原仓约3万港元，但未知组合占比和借款情况。",""
DEC-20260715-07709.HK-001,REC-20260715-07709.HK-001,2026-07-15,07709.HK,master-investment-checklist,WB-COMP-01,pass,"产品追求韩国普通股每日回报约2倍，不是长期两倍回报。",""
DEC-20260715-07709.HK-001,REC-20260715-07709.HK-001,2026-07-15,07709.HK,master-investment-checklist,WB-COMP-03,pass,"组合占比、实时IOPV、衍生品敞口和正股收市状态均明确列为未知。",""
DEC-20260715-07709.HK-001,REC-20260715-07709.HK-001,2026-07-15,07709.HK,master-investment-checklist,WB-FIN-01,pass,"标的公司盈利和HBM基本面支持反弹承接，但并非今日唯一驱动。",""
DEC-20260715-07709.HK-001,REC-20260715-07709.HK-001,2026-07-15,07709.HK,master-investment-checklist,WB-CYCLE-03,unknown,"盘中量价强势且站回200万韩元，但收市趋势确认尚未完成。",""
DEC-20260715-07709.HK-001,REC-20260715-07709.HK-001,2026-07-15,07709.HK,master-investment-checklist,WB-RISK-01,pass,"已明确72港元硬保护、正股收市条件和2026-07-16时间退出。",""
DEC-20260715-07709.HK-001,REC-20260715-07709.HK-001,2026-07-15,07709.HK,master-investment-checklist,WB-RISK-02,fail,"过去两日已出现单日33%下跌和约20%上涨，现实波动与跳空风险极高。",""
DEC-20260715-07709.HK-001,REC-20260715-07709.HK-001,2026-07-15,07709.HK,master-investment-checklist,WB-RISK-03,fail,"每日2倍、掉期、期权、对手方及跨市场定价风险仍在。",""
DEC-20260715-07709.HK-001,REC-20260715-07709.HK-001,2026-07-15,07709.HK,master-investment-checklist,WB-BIAS-01,pass,"按原68-72港元止盈规则执行，不因浮盈扩大临时取消计划。",""
DEC-20260715-07709.HK-001,REC-20260715-07709.HK-001,2026-07-15,07709.HK,master-investment-checklist,WB-REV-04,pass,"旧建议已复盘，新reduce决策已写入推荐、个股和检查清单索引。",""
DEC-20260716-07709.HK-001,REC-20260716-07709.HK-001,2026-07-16,07709.HK,master-investment-checklist,WB-POL-01,fail,"每日单股杠杆产品在政策中默认回避；只允许用户明确要求下的受限短线研究。",""
DEC-20260716-07709.HK-001,REC-20260716-07709.HK-001,2026-07-16,07709.HK,master-investment-checklist,WB-POL-02,pass,"条件计划限定为1-2个交易日，并设置2026-07-17时间退出。",""
DEC-20260716-07709.HK-001,REC-20260716-07709.HK-001,2026-07-16,07709.HK,master-investment-checklist,WB-POL-03,pass,"成交活跃、庄家较多且每手100份；极端行情仍有滑点和跳空风险。",""
DEC-20260716-07709.HK-001,REC-20260716-07709.HK-001,2026-07-16,07709.HK,master-investment-checklist,WB-POL-04,unknown,"未知用户组合规模和风险预算，因此最多一手且不超过流动资产1%。",""
DEC-20260716-07709.HK-001,REC-20260716-07709.HK-001,2026-07-16,07709.HK,master-investment-checklist,WB-COMP-01,pass,"产品目标为韩国正股单日回报约2倍，不是长期累计两倍。",""
DEC-20260716-07709.HK-001,REC-20260716-07709.HK-001,2026-07-16,07709.HK,master-investment-checklist,WB-COMP-03,pass,"实时IOPV、结构敞口、用户风险预算和韩国收市状态均列为未知。",""
DEC-20260716-07709.HK-001,REC-20260716-07709.HK-001,2026-07-16,07709.HK,master-investment-checklist,WB-CYCLE-01,fail,"韩国综合指数盘中跌约7%，韩国央行加息并提示可能继续收紧。",""
DEC-20260716-07709.HK-001,REC-20260716-07709.HK-001,2026-07-16,07709.HK,master-investment-checklist,WB-CYCLE-03,fail,"产品和正股均低于开盘位，当前只有低点反抽，没有收市企稳。",""
DEC-20260716-07709.HK-001,REC-20260716-07709.HK-001,2026-07-16,07709.HK,master-investment-checklist,WB-RISK-01,pass,"已明确57.50港元、182万韩元和2026-07-17时间退出。",""
DEC-20260716-07709.HK-001,REC-20260716-07709.HK-001,2026-07-16,07709.HK,master-investment-checklist,WB-RISK-02,fail,"过去数日产品多次出现接近20%-33%的单日波动，跳空可穿透止损。",""
DEC-20260716-07709.HK-001,REC-20260716-07709.HK-001,2026-07-16,07709.HK,master-investment-checklist,WB-RISK-03,fail,"每日再平衡、掉期、期权、对手方和跨市场定价风险叠加。",""
DEC-20260716-07709.HK-001,REC-20260716-07709.HK-001,2026-07-16,07709.HK,master-investment-checklist,WB-BIAS-01,pass,"明确识别旧成本价与昨日卖出价锚定，不把价格回落直接当便宜。",""
DEC-20260716-07709.HK-001,REC-20260716-07709.HK-001,2026-07-16,07709.HK,master-investment-checklist,WB-REV-04,pass,"旧建议已复盘，新watch已写入推荐、个股和检查清单索引。",""
DEC-20260716-07709.HK-001,REC-20260716-07709.HK-001,2026-07-16,07709.HK,master-investment-checklist,WB-BUS-01,pass,"HBM技术领先、NVIDIA多年合作、TSMC先进封装协同和HBM4E客户送样支持护城河。",""
DEC-20260716-07709.HK-001,REC-20260716-07709.HK-001,2026-07-16,07709.HK,master-investment-checklist,WB-BUS-04,pass,"HBM、服务器DRAM与eSSD需求推动创纪录一季度结果。",""
DEC-20260716-07709.HK-001,REC-20260716-07709.HK-001,2026-07-16,07709.HK,master-investment-checklist,WB-FIN-01,pass,"2026Q1收入52.58万亿、营业利润37.61万亿、净利润40.35万亿韩元。",""
DEC-20260716-07709.HK-001,REC-20260716-07709.HK-001,2026-07-16,07709.HK,master-investment-checklist,WB-FIN-03,pass,"期末现金54.3万亿、有息负债19.3万亿，净现金约35万亿韩元。",""
DEC-20260716-07709.HK-001,REC-20260716-07709.HK-001,2026-07-16,07709.HK,master-investment-checklist,WB-GROW-01,pass,"AI内存用量增长、HBM4/HBM4E产品周期及长期供货协议提供可见增长驱动。",""
DEC-20260716-07709.HK-001,REC-20260716-07709.HK-001,2026-07-16,07709.HK,master-investment-checklist,WB-GROW-04,pass,"AI资本开支降速、HBM4放量延迟、竞争对手缩小差距和2027-2028供给释放会证伪增长叙事。",""
DEC-20260716-07709.HK-001,REC-20260716-07709.HK-001,2026-07-16,07709.HK,master-investment-checklist,WB-VAL-01,pass,"应以周期调整后盈利和P/B共同估值，不能只看峰值利润PE。",""
DEC-20260716-07709.HK-001,REC-20260716-07709.HK-001,2026-07-16,07709.HK,master-investment-checklist,WB-VAL-02,unknown,"基于2026高盈利预测约5.6倍PE，但利润回落至2025水平时约30.6倍，安全边际取决于周期持续性。",""
DEC-20260716-603986.SH-001,REC-20260716-603986.SH-001,2026-07-16,603986.SH,master-investment-checklist,WB-POL-01,pass,"A股普通股，属于允许研究范围。",""
DEC-20260716-603986.SH-001,REC-20260716-603986.SH-001,2026-07-16,603986.SH,master-investment-checklist,WB-COMP-01,pass,"存储、MCU、模拟和传感器业务及周期驱动可解释。",""
DEC-20260716-603986.SH-001,REC-20260716-603986.SH-001,2026-07-16,603986.SH,master-investment-checklist,WB-BUS-01,pass,"产品矩阵、客户覆盖和研发平台仍构成优势。",""
DEC-20260716-603986.SH-001,REC-20260716-603986.SH-001,2026-07-16,603986.SH,master-investment-checklist,WB-FIN-01,pass,"2026Q1和H1预告显示盈利与现金流强劲改善。",""
DEC-20260716-603986.SH-001,REC-20260716-603986.SH-001,2026-07-16,603986.SH,master-investment-checklist,WB-VAL-01,unknown,"H1扣非简单年化约35.5倍，但峰值利润回落40%后约59倍。",""
DEC-20260716-603986.SH-001,REC-20260716-603986.SH-001,2026-07-16,603986.SH,master-investment-checklist,WB-RISK-01,fail,"全球存储链同步重挫、旧价格条件失效、周期与波动风险高。",""
DEC-20260716-603986.SH-001,REC-20260716-603986.SH-001,2026-07-16,603986.SH,master-investment-checklist,WB-BIAS-01,pass,"没有把跌停自动等同于见底，只允许有失效线的tiny。",""
DEC-20260716-603986.SH-001,REC-20260716-603986.SH-001,2026-07-16,603986.SH,master-investment-checklist,WB-REV-04,pass,"新决策已写入推荐、决策与检查清单索引并替代旧判断。",""
DEC-20260716-603986.SH-001,REC-20260716-603986.SH-001,2026-07-16,603986.SH,master-investment-checklist,WB-BIAS-05,pass,"比较完全等待的机会成本，使用第一笔试错仓参与潜在情绪修复。",""
DEC-20260716-0700.HK-001,REC-20260716-0700.HK-001,2026-07-16,0700.HK,master-investment-checklist,WB-POL-01,pass,"港股普通股且公开数据和流动性足够，属于允许研究范围。",""
DEC-20260716-0700.HK-001,REC-20260716-0700.HK-001,2026-07-16,0700.HK,master-investment-checklist,WB-POL-03,pass,"2026-07-16 成交额约 208.1 亿港元，退出流动性充足。",""
DEC-20260716-0700.HK-001,REC-20260716-0700.HK-001,2026-07-16,0700.HK,master-investment-checklist,WB-POL-04,unknown,"已知持仓约 10 万港元，但总投资资产和风险预算未知。",""
DEC-20260716-0700.HK-001,REC-20260716-0700.HK-001,2026-07-16,0700.HK,master-investment-checklist,WB-COMP-01,pass,"可用微信生态、游戏、广告、支付和云服务解释业务与现金流。",""
DEC-20260716-0700.HK-001,REC-20260716-0700.HK-001,2026-07-16,0700.HK,master-investment-checklist,WB-BUS-01,pass,"网络效应、内容与流量分发、支付和小程序生态构成可持续优势。",""
DEC-20260716-0700.HK-001,REC-20260716-0700.HK-001,2026-07-16,0700.HK,master-investment-checklist,WB-FIN-01,pass,"2026Q1 收入、经营利润、非 IFRS 净利润同步增长。",""
DEC-20260716-0700.HK-001,REC-20260716-0700.HK-001,2026-07-16,0700.HK,master-investment-checklist,WB-FIN-02,pass,"2026Q1 自由现金流 567 亿元人民币，期末净现金 1468.6 亿元。",""
DEC-20260716-0700.HK-001,REC-20260716-0700.HK-001,2026-07-16,0700.HK,master-investment-checklist,WB-MGMT-01,pass,"2026-07-09 仍在执行约 5 亿港元单日回购，回购价接近用户成本。",""
DEC-20260716-0700.HK-001,REC-20260716-0700.HK-001,2026-07-16,0700.HK,master-investment-checklist,WB-GROW-04,pass,"广告与游戏减速、AI 拖累扩大和现金流恶化可证伪增长叙事。",""
DEC-20260716-0700.HK-001,REC-20260716-0700.HK-001,2026-07-16,0700.HK,master-investment-checklist,WB-VAL-01,pass,"适合用分部增长、非 IFRS 盈利、现金流和情景市盈率共同估值。",""
DEC-20260716-0700.HK-001,REC-20260716-0700.HK-001,2026-07-16,0700.HK,master-investment-checklist,WB-VAL-02,pass,"约 14.3 倍最近十二个月非 IFRS 市盈率支持持有，但压力情景仍有两位数下行。",""
DEC-20260716-0700.HK-001,REC-20260716-0700.HK-001,2026-07-16,0700.HK,master-investment-checklist,WB-CYCLE-03,unknown,"短期量价转强，但仍低于 MA120 和 MA200，中长期趋势尚未确认。",""
DEC-20260716-0700.HK-001,REC-20260716-0700.HK-001,2026-07-16,0700.HK,master-investment-checklist,WB-RISK-01,pass,"AI 投入、监管、地缘、盈利减速和集中度构成清晰失败路径。",""
DEC-20260716-0700.HK-001,REC-20260716-0700.HK-001,2026-07-16,0700.HK,master-investment-checklist,WB-BIAS-01,pass,"未以成本价为锚机械卖出，也未以公司回购为由无条件看多。",""
DEC-20260716-0700.HK-001,REC-20260716-0700.HK-001,2026-07-16,0700.HK,master-investment-checklist,WB-BIAS-03,pass,"已设置价格、二季报、现金流和监管失效条件。",""
DEC-20260716-0700.HK-001,REC-20260716-0700.HK-001,2026-07-16,0700.HK,master-investment-checklist,WB-REV-04,pass,"决策、推荐、个股和检查清单索引均已写入。",""
DEC-20260718-002050.SZ-001,REC-20260718-002050.SZ-001,2026-07-18,002050.SZ,master-investment-checklist,WB-POL-01,pass,资产类型与政策范围已核验。,
DEC-20260718-002050.SZ-001,REC-20260718-002050.SZ-001,2026-07-18,002050.SZ,master-investment-checklist,WB-COMP-01,pass,商业模式或产品结构可用简明语言解释。,
DEC-20260718-002050.SZ-001,REC-20260718-002050.SZ-001,2026-07-18,002050.SZ,master-investment-checklist,WB-BUS-01,pass,护城河按当前公开证据评估。,
DEC-20260718-002050.SZ-001,REC-20260718-002050.SZ-001,2026-07-18,002050.SZ,master-investment-checklist,WB-FIN-01,unknown,最新财报或业绩预告与现金流质量已核验。,
DEC-20260718-002050.SZ-001,REC-20260718-002050.SZ-001,2026-07-18,002050.SZ,master-investment-checklist,WB-VAL-01,fail,采用适合资产的估值与安全边际判断。,
DEC-20260718-002050.SZ-001,REC-20260718-002050.SZ-001,2026-07-18,002050.SZ,master-investment-checklist,WB-RISK-01,fail,价格失效线、事件和组合风险已检查。,
DEC-20260718-002050.SZ-001,REC-20260718-002050.SZ-001,2026-07-18,002050.SZ,master-investment-checklist,WB-BIAS-01,pass,未把跌幅、故事、成本价或单一公告当作买点。,
DEC-20260718-002050.SZ-001,REC-20260718-002050.SZ-001,2026-07-18,002050.SZ,master-investment-checklist,WB-REV-04,pass,新决策已写入推荐与批量复盘索引。,
DEC-20260718-002594.SZ-001,REC-20260718-002594.SZ-001,2026-07-18,002594.SZ,master-investment-checklist,WB-POL-01,pass,资产类型与政策范围已核验。,
DEC-20260718-002594.SZ-001,REC-20260718-002594.SZ-001,2026-07-18,002594.SZ,master-investment-checklist,WB-COMP-01,pass,商业模式或产品结构可用简明语言解释。,
DEC-20260718-002594.SZ-001,REC-20260718-002594.SZ-001,2026-07-18,002594.SZ,master-investment-checklist,WB-BUS-01,pass,护城河按当前公开证据评估。,
DEC-20260718-002594.SZ-001,REC-20260718-002594.SZ-001,2026-07-18,002594.SZ,master-investment-checklist,WB-FIN-01,unknown,最新财报或业绩预告与现金流质量已核验。,
DEC-20260718-002594.SZ-001,REC-20260718-002594.SZ-001,2026-07-18,002594.SZ,master-investment-checklist,WB-VAL-01,unknown,采用适合资产的估值与安全边际判断。,
DEC-20260718-002594.SZ-001,REC-20260718-002594.SZ-001,2026-07-18,002594.SZ,master-investment-checklist,WB-RISK-01,pass,价格失效线、事件和组合风险已检查。,
DEC-20260718-002594.SZ-001,REC-20260718-002594.SZ-001,2026-07-18,002594.SZ,master-investment-checklist,WB-BIAS-01,pass,未把跌幅、故事、成本价或单一公告当作买点。,
DEC-20260718-002594.SZ-001,REC-20260718-002594.SZ-001,2026-07-18,002594.SZ,master-investment-checklist,WB-REV-04,pass,新决策已写入推荐与批量复盘索引。,
DEC-20260718-600522.SH-001,REC-20260718-600522.SH-001,2026-07-18,600522.SH,master-investment-checklist,WB-POL-01,pass,资产类型与政策范围已核验。,
DEC-20260718-600522.SH-001,REC-20260718-600522.SH-001,2026-07-18,600522.SH,master-investment-checklist,WB-COMP-01,pass,商业模式或产品结构可用简明语言解释。,
DEC-20260718-600522.SH-001,REC-20260718-600522.SH-001,2026-07-18,600522.SH,master-investment-checklist,WB-BUS-01,pass,护城河按当前公开证据评估。,
DEC-20260718-600522.SH-001,REC-20260718-600522.SH-001,2026-07-18,600522.SH,master-investment-checklist,WB-FIN-01,unknown,最新财报或业绩预告与现金流质量已核验。,
DEC-20260718-600522.SH-001,REC-20260718-600522.SH-001,2026-07-18,600522.SH,master-investment-checklist,WB-VAL-01,pass,采用适合资产的估值与安全边际判断。,
DEC-20260718-600522.SH-001,REC-20260718-600522.SH-001,2026-07-18,600522.SH,master-investment-checklist,WB-RISK-01,fail,价格失效线、事件和组合风险已检查。,
DEC-20260718-600522.SH-001,REC-20260718-600522.SH-001,2026-07-18,600522.SH,master-investment-checklist,WB-BIAS-01,pass,未把跌幅、故事、成本价或单一公告当作买点。,
DEC-20260718-600522.SH-001,REC-20260718-600522.SH-001,2026-07-18,600522.SH,master-investment-checklist,WB-REV-04,pass,新决策已写入推荐与批量复盘索引。,
DEC-20260718-600584.SH-001,REC-20260718-600584.SH-001,2026-07-18,600584.SH,master-investment-checklist,WB-POL-01,pass,资产类型与政策范围已核验。,
DEC-20260718-600584.SH-001,REC-20260718-600584.SH-001,2026-07-18,600584.SH,master-investment-checklist,WB-COMP-01,pass,商业模式或产品结构可用简明语言解释。,
DEC-20260718-600584.SH-001,REC-20260718-600584.SH-001,2026-07-18,600584.SH,master-investment-checklist,WB-BUS-01,pass,护城河按当前公开证据评估。,
DEC-20260718-600584.SH-001,REC-20260718-600584.SH-001,2026-07-18,600584.SH,master-investment-checklist,WB-FIN-01,pass,最新财报或业绩预告与现金流质量已核验。,
DEC-20260718-600584.SH-001,REC-20260718-600584.SH-001,2026-07-18,600584.SH,master-investment-checklist,WB-VAL-01,fail,采用适合资产的估值与安全边际判断。,
DEC-20260718-600584.SH-001,REC-20260718-600584.SH-001,2026-07-18,600584.SH,master-investment-checklist,WB-RISK-01,fail,价格失效线、事件和组合风险已检查。,
DEC-20260718-600584.SH-001,REC-20260718-600584.SH-001,2026-07-18,600584.SH,master-investment-checklist,WB-BIAS-01,pass,未把跌幅、故事、成本价或单一公告当作买点。,
DEC-20260718-600584.SH-001,REC-20260718-600584.SH-001,2026-07-18,600584.SH,master-investment-checklist,WB-REV-04,pass,新决策已写入推荐与批量复盘索引。,
DEC-20260718-601689.SH-001,REC-20260718-601689.SH-001,2026-07-18,601689.SH,master-investment-checklist,WB-POL-01,pass,资产类型与政策范围已核验。,
DEC-20260718-601689.SH-001,REC-20260718-601689.SH-001,2026-07-18,601689.SH,master-investment-checklist,WB-COMP-01,pass,商业模式或产品结构可用简明语言解释。,
DEC-20260718-601689.SH-001,REC-20260718-601689.SH-001,2026-07-18,601689.SH,master-investment-checklist,WB-BUS-01,unknown,护城河按当前公开证据评估。,
DEC-20260718-601689.SH-001,REC-20260718-601689.SH-001,2026-07-18,601689.SH,master-investment-checklist,WB-FIN-01,fail,最新财报或业绩预告与现金流质量已核验。,
DEC-20260718-601689.SH-001,REC-20260718-601689.SH-001,2026-07-18,601689.SH,master-investment-checklist,WB-VAL-01,fail,采用适合资产的估值与安全边际判断。,
DEC-20260718-601689.SH-001,REC-20260718-601689.SH-001,2026-07-18,601689.SH,master-investment-checklist,WB-RISK-01,fail,价格失效线、事件和组合风险已检查。,
DEC-20260718-601689.SH-001,REC-20260718-601689.SH-001,2026-07-18,601689.SH,master-investment-checklist,WB-BIAS-01,pass,未把跌幅、故事、成本价或单一公告当作买点。,
DEC-20260718-601689.SH-001,REC-20260718-601689.SH-001,2026-07-18,601689.SH,master-investment-checklist,WB-REV-04,pass,新决策已写入推荐与批量复盘索引。,
DEC-20260718-603986.SH-001,REC-20260718-603986.SH-001,2026-07-18,603986.SH,master-investment-checklist,WB-POL-01,pass,资产类型与政策范围已核验。,
DEC-20260718-603986.SH-001,REC-20260718-603986.SH-001,2026-07-18,603986.SH,master-investment-checklist,WB-COMP-01,pass,商业模式或产品结构可用简明语言解释。,
DEC-20260718-603986.SH-001,REC-20260718-603986.SH-001,2026-07-18,603986.SH,master-investment-checklist,WB-BUS-01,pass,护城河按当前公开证据评估。,
DEC-20260718-603986.SH-001,REC-20260718-603986.SH-001,2026-07-18,603986.SH,master-investment-checklist,WB-FIN-01,pass,最新财报或业绩预告与现金流质量已核验。,
DEC-20260718-603986.SH-001,REC-20260718-603986.SH-001,2026-07-18,603986.SH,master-investment-checklist,WB-VAL-01,unknown,采用适合资产的估值与安全边际判断。,
DEC-20260718-603986.SH-001,REC-20260718-603986.SH-001,2026-07-18,603986.SH,master-investment-checklist,WB-RISK-01,fail,价格失效线、事件和组合风险已检查。,
DEC-20260718-603986.SH-001,REC-20260718-603986.SH-001,2026-07-18,603986.SH,master-investment-checklist,WB-BIAS-01,pass,未把跌幅、故事、成本价或单一公告当作买点。,
DEC-20260718-603986.SH-001,REC-20260718-603986.SH-001,2026-07-18,603986.SH,master-investment-checklist,WB-REV-04,pass,新决策已写入推荐与批量复盘索引。,
DEC-20260718-688008.SH-001,REC-20260718-688008.SH-001,2026-07-18,688008.SH,master-investment-checklist,WB-POL-01,pass,资产类型与政策范围已核验。,
DEC-20260718-688008.SH-001,REC-20260718-688008.SH-001,2026-07-18,688008.SH,master-investment-checklist,WB-COMP-01,pass,商业模式或产品结构可用简明语言解释。,
DEC-20260718-688008.SH-001,REC-20260718-688008.SH-001,2026-07-18,688008.SH,master-investment-checklist,WB-BUS-01,pass,护城河按当前公开证据评估。,
DEC-20260718-688008.SH-001,REC-20260718-688008.SH-001,2026-07-18,688008.SH,master-investment-checklist,WB-FIN-01,pass,最新财报或业绩预告与现金流质量已核验。,
DEC-20260718-688008.SH-001,REC-20260718-688008.SH-001,2026-07-18,688008.SH,master-investment-checklist,WB-VAL-01,fail,采用适合资产的估值与安全边际判断。,
DEC-20260718-688008.SH-001,REC-20260718-688008.SH-001,2026-07-18,688008.SH,master-investment-checklist,WB-RISK-01,fail,价格失效线、事件和组合风险已检查。,
DEC-20260718-688008.SH-001,REC-20260718-688008.SH-001,2026-07-18,688008.SH,master-investment-checklist,WB-BIAS-01,pass,未把跌幅、故事、成本价或单一公告当作买点。,
DEC-20260718-688008.SH-001,REC-20260718-688008.SH-001,2026-07-18,688008.SH,master-investment-checklist,WB-REV-04,pass,新决策已写入推荐与批量复盘索引。,
DEC-20260718-688017.SH-001,REC-20260718-688017.SH-001,2026-07-18,688017.SH,master-investment-checklist,WB-POL-01,pass,资产类型与政策范围已核验。,
DEC-20260718-688017.SH-001,REC-20260718-688017.SH-001,2026-07-18,688017.SH,master-investment-checklist,WB-COMP-01,pass,商业模式或产品结构可用简明语言解释。,
DEC-20260718-688017.SH-001,REC-20260718-688017.SH-001,2026-07-18,688017.SH,master-investment-checklist,WB-BUS-01,pass,护城河按当前公开证据评估。,
DEC-20260718-688017.SH-001,REC-20260718-688017.SH-001,2026-07-18,688017.SH,master-investment-checklist,WB-FIN-01,unknown,最新财报或业绩预告与现金流质量已核验。,
DEC-20260718-688017.SH-001,REC-20260718-688017.SH-001,2026-07-18,688017.SH,master-investment-checklist,WB-VAL-01,fail,采用适合资产的估值与安全边际判断。,
DEC-20260718-688017.SH-001,REC-20260718-688017.SH-001,2026-07-18,688017.SH,master-investment-checklist,WB-RISK-01,fail,价格失效线、事件和组合风险已检查。,
DEC-20260718-688017.SH-001,REC-20260718-688017.SH-001,2026-07-18,688017.SH,master-investment-checklist,WB-BIAS-01,pass,未把跌幅、故事、成本价或单一公告当作买点。,
DEC-20260718-688017.SH-001,REC-20260718-688017.SH-001,2026-07-18,688017.SH,master-investment-checklist,WB-REV-04,pass,新决策已写入推荐与批量复盘索引。,
DEC-20260718-688322.SH-001,REC-20260718-688322.SH-001,2026-07-18,688322.SH,master-investment-checklist,WB-POL-01,pass,资产类型与政策范围已核验。,
DEC-20260718-688322.SH-001,REC-20260718-688322.SH-001,2026-07-18,688322.SH,master-investment-checklist,WB-COMP-01,pass,商业模式或产品结构可用简明语言解释。,
DEC-20260718-688322.SH-001,REC-20260718-688322.SH-001,2026-07-18,688322.SH,master-investment-checklist,WB-BUS-01,unknown,护城河按当前公开证据评估。,
DEC-20260718-688322.SH-001,REC-20260718-688322.SH-001,2026-07-18,688322.SH,master-investment-checklist,WB-FIN-01,fail,最新财报或业绩预告与现金流质量已核验。,
DEC-20260718-688322.SH-001,REC-20260718-688322.SH-001,2026-07-18,688322.SH,master-investment-checklist,WB-VAL-01,fail,采用适合资产的估值与安全边际判断。,
DEC-20260718-688322.SH-001,REC-20260718-688322.SH-001,2026-07-18,688322.SH,master-investment-checklist,WB-RISK-01,fail,价格失效线、事件和组合风险已检查。,
DEC-20260718-688322.SH-001,REC-20260718-688322.SH-001,2026-07-18,688322.SH,master-investment-checklist,WB-BIAS-01,pass,未把跌幅、故事、成本价或单一公告当作买点。,
DEC-20260718-688322.SH-001,REC-20260718-688322.SH-001,2026-07-18,688322.SH,master-investment-checklist,WB-REV-04,pass,新决策已写入推荐与批量复盘索引。,
DEC-20260718-0700.HK-001,REC-20260718-0700.HK-001,2026-07-18,0700.HK,master-investment-checklist,WB-POL-01,pass,资产类型与政策范围已核验。,
DEC-20260718-0700.HK-001,REC-20260718-0700.HK-001,2026-07-18,0700.HK,master-investment-checklist,WB-COMP-01,pass,商业模式或产品结构可用简明语言解释。,
DEC-20260718-0700.HK-001,REC-20260718-0700.HK-001,2026-07-18,0700.HK,master-investment-checklist,WB-BUS-01,pass,护城河按当前公开证据评估。,
DEC-20260718-0700.HK-001,REC-20260718-0700.HK-001,2026-07-18,0700.HK,master-investment-checklist,WB-FIN-01,pass,最新财报或业绩预告与现金流质量已核验。,
DEC-20260718-0700.HK-001,REC-20260718-0700.HK-001,2026-07-18,0700.HK,master-investment-checklist,WB-VAL-01,pass,采用适合资产的估值与安全边际判断。,
DEC-20260718-0700.HK-001,REC-20260718-0700.HK-001,2026-07-18,0700.HK,master-investment-checklist,WB-RISK-01,pass,价格失效线、事件和组合风险已检查。,
DEC-20260718-0700.HK-001,REC-20260718-0700.HK-001,2026-07-18,0700.HK,master-investment-checklist,WB-BIAS-01,pass,未把跌幅、故事、成本价或单一公告当作买点。,
DEC-20260718-0700.HK-001,REC-20260718-0700.HK-001,2026-07-18,0700.HK,master-investment-checklist,WB-REV-04,pass,新决策已写入推荐与批量复盘索引。,
DEC-20260718-07709.HK-001,REC-20260718-07709.HK-001,2026-07-18,07709.HK,master-investment-checklist,WB-POL-01,fail,资产类型与政策范围已核验。,
DEC-20260718-07709.HK-001,REC-20260718-07709.HK-001,2026-07-18,07709.HK,master-investment-checklist,WB-COMP-01,pass,商业模式或产品结构可用简明语言解释。,
DEC-20260718-07709.HK-001,REC-20260718-07709.HK-001,2026-07-18,07709.HK,master-investment-checklist,WB-BUS-01,pass,护城河按当前公开证据评估。,
DEC-20260718-07709.HK-001,REC-20260718-07709.HK-001,2026-07-18,07709.HK,master-investment-checklist,WB-FIN-01,pass,最新财报或业绩预告与现金流质量已核验。,
DEC-20260718-07709.HK-001,REC-20260718-07709.HK-001,2026-07-18,07709.HK,master-investment-checklist,WB-VAL-01,unknown,采用适合资产的估值与安全边际判断。,
DEC-20260718-07709.HK-001,REC-20260718-07709.HK-001,2026-07-18,07709.HK,master-investment-checklist,WB-RISK-01,fail,价格失效线、事件和组合风险已检查。,
DEC-20260718-07709.HK-001,REC-20260718-07709.HK-001,2026-07-18,07709.HK,master-investment-checklist,WB-BIAS-01,pass,未把跌幅、故事、成本价或单一公告当作买点。,
DEC-20260718-07709.HK-001,REC-20260718-07709.HK-001,2026-07-18,07709.HK,master-investment-checklist,WB-REV-04,pass,新决策已写入推荐与批量复盘索引。,
DEC-20260718-3896.HK-001,REC-20260718-3896.HK-001,2026-07-18,3896.HK,master-investment-checklist,WB-POL-01,pass,资产类型与政策范围已核验。,
DEC-20260718-3896.HK-001,REC-20260718-3896.HK-001,2026-07-18,3896.HK,master-investment-checklist,WB-COMP-01,pass,商业模式或产品结构可用简明语言解释。,
DEC-20260718-3896.HK-001,REC-20260718-3896.HK-001,2026-07-18,3896.HK,master-investment-checklist,WB-BUS-01,unknown,护城河按当前公开证据评估。,
DEC-20260718-3896.HK-001,REC-20260718-3896.HK-001,2026-07-18,3896.HK,master-investment-checklist,WB-FIN-01,fail,最新财报或业绩预告与现金流质量已核验。,
DEC-20260718-3896.HK-001,REC-20260718-3896.HK-001,2026-07-18,3896.HK,master-investment-checklist,WB-VAL-01,unknown,采用适合资产的估值与安全边际判断。,
DEC-20260718-3896.HK-001,REC-20260718-3896.HK-001,2026-07-18,3896.HK,master-investment-checklist,WB-RISK-01,fail,价格失效线、事件和组合风险已检查。,
DEC-20260718-3896.HK-001,REC-20260718-3896.HK-001,2026-07-18,3896.HK,master-investment-checklist,WB-BIAS-01,pass,未把跌幅、故事、成本价或单一公告当作买点。,
DEC-20260718-3896.HK-001,REC-20260718-3896.HK-001,2026-07-18,3896.HK,master-investment-checklist,WB-REV-04,pass,新决策已写入推荐与批量复盘索引。,
DEC-20260718-AMZN.US-001,REC-20260718-AMZN.US-001,2026-07-18,AMZN.US,master-investment-checklist,WB-POL-01,pass,资产类型与政策范围已核验。,
DEC-20260718-AMZN.US-001,REC-20260718-AMZN.US-001,2026-07-18,AMZN.US,master-investment-checklist,WB-COMP-01,pass,商业模式或产品结构可用简明语言解释。,
DEC-20260718-AMZN.US-001,REC-20260718-AMZN.US-001,2026-07-18,AMZN.US,master-investment-checklist,WB-BUS-01,pass,护城河按当前公开证据评估。,
DEC-20260718-AMZN.US-001,REC-20260718-AMZN.US-001,2026-07-18,AMZN.US,master-investment-checklist,WB-FIN-01,pass,最新财报或业绩预告与现金流质量已核验。,
DEC-20260718-AMZN.US-001,REC-20260718-AMZN.US-001,2026-07-18,AMZN.US,master-investment-checklist,WB-VAL-01,unknown,采用适合资产的估值与安全边际判断。,
DEC-20260718-AMZN.US-001,REC-20260718-AMZN.US-001,2026-07-18,AMZN.US,master-investment-checklist,WB-RISK-01,fail,价格失效线、事件和组合风险已检查。,
DEC-20260718-AMZN.US-001,REC-20260718-AMZN.US-001,2026-07-18,AMZN.US,master-investment-checklist,WB-BIAS-01,pass,未把跌幅、故事、成本价或单一公告当作买点。,
DEC-20260718-AMZN.US-001,REC-20260718-AMZN.US-001,2026-07-18,AMZN.US,master-investment-checklist,WB-REV-04,pass,新决策已写入推荐与批量复盘索引。,
DEC-20260718-AVGO.US-001,REC-20260718-AVGO.US-001,2026-07-18,AVGO.US,master-investment-checklist,WB-POL-01,pass,资产类型与政策范围已核验。,
DEC-20260718-AVGO.US-001,REC-20260718-AVGO.US-001,2026-07-18,AVGO.US,master-investment-checklist,WB-COMP-01,pass,商业模式或产品结构可用简明语言解释。,
DEC-20260718-AVGO.US-001,REC-20260718-AVGO.US-001,2026-07-18,AVGO.US,master-investment-checklist,WB-BUS-01,pass,护城河按当前公开证据评估。,
DEC-20260718-AVGO.US-001,REC-20260718-AVGO.US-001,2026-07-18,AVGO.US,master-investment-checklist,WB-FIN-01,pass,最新财报或业绩预告与现金流质量已核验。,
DEC-20260718-AVGO.US-001,REC-20260718-AVGO.US-001,2026-07-18,AVGO.US,master-investment-checklist,WB-VAL-01,unknown,采用适合资产的估值与安全边际判断。,
DEC-20260718-AVGO.US-001,REC-20260718-AVGO.US-001,2026-07-18,AVGO.US,master-investment-checklist,WB-RISK-01,fail,价格失效线、事件和组合风险已检查。,
DEC-20260718-AVGO.US-001,REC-20260718-AVGO.US-001,2026-07-18,AVGO.US,master-investment-checklist,WB-BIAS-01,pass,未把跌幅、故事、成本价或单一公告当作买点。,
DEC-20260718-AVGO.US-001,REC-20260718-AVGO.US-001,2026-07-18,AVGO.US,master-investment-checklist,WB-REV-04,pass,新决策已写入推荐与批量复盘索引。,
DEC-20260718-BRK.B.US-001,REC-20260718-BRK.B.US-001,2026-07-18,BRK.B.US,master-investment-checklist,WB-POL-01,pass,资产类型与政策范围已核验。,
DEC-20260718-BRK.B.US-001,REC-20260718-BRK.B.US-001,2026-07-18,BRK.B.US,master-investment-checklist,WB-COMP-01,pass,商业模式或产品结构可用简明语言解释。,
DEC-20260718-BRK.B.US-001,REC-20260718-BRK.B.US-001,2026-07-18,BRK.B.US,master-investment-checklist,WB-BUS-01,pass,护城河按当前公开证据评估。,
DEC-20260718-BRK.B.US-001,REC-20260718-BRK.B.US-001,2026-07-18,BRK.B.US,master-investment-checklist,WB-FIN-01,pass,最新财报或业绩预告与现金流质量已核验。,
DEC-20260718-BRK.B.US-001,REC-20260718-BRK.B.US-001,2026-07-18,BRK.B.US,master-investment-checklist,WB-VAL-01,pass,采用适合资产的估值与安全边际判断。,
DEC-20260718-BRK.B.US-001,REC-20260718-BRK.B.US-001,2026-07-18,BRK.B.US,master-investment-checklist,WB-RISK-01,pass,价格失效线、事件和组合风险已检查。,
DEC-20260718-BRK.B.US-001,REC-20260718-BRK.B.US-001,2026-07-18,BRK.B.US,master-investment-checklist,WB-BIAS-01,pass,未把跌幅、故事、成本价或单一公告当作买点。,
DEC-20260718-BRK.B.US-001,REC-20260718-BRK.B.US-001,2026-07-18,BRK.B.US,master-investment-checklist,WB-REV-04,pass,新决策已写入推荐与批量复盘索引。,
DEC-20260718-CBRS.US-001,REC-20260718-CBRS.US-001,2026-07-18,CBRS.US,master-investment-checklist,WB-POL-01,pass,资产类型与政策范围已核验。,
DEC-20260718-CBRS.US-001,REC-20260718-CBRS.US-001,2026-07-18,CBRS.US,master-investment-checklist,WB-COMP-01,pass,商业模式或产品结构可用简明语言解释。,
DEC-20260718-CBRS.US-001,REC-20260718-CBRS.US-001,2026-07-18,CBRS.US,master-investment-checklist,WB-BUS-01,unknown,护城河按当前公开证据评估。,
DEC-20260718-CBRS.US-001,REC-20260718-CBRS.US-001,2026-07-18,CBRS.US,master-investment-checklist,WB-FIN-01,fail,最新财报或业绩预告与现金流质量已核验。,
DEC-20260718-CBRS.US-001,REC-20260718-CBRS.US-001,2026-07-18,CBRS.US,master-investment-checklist,WB-VAL-01,fail,采用适合资产的估值与安全边际判断。,
DEC-20260718-CBRS.US-001,REC-20260718-CBRS.US-001,2026-07-18,CBRS.US,master-investment-checklist,WB-RISK-01,fail,价格失效线、事件和组合风险已检查。,
DEC-20260718-CBRS.US-001,REC-20260718-CBRS.US-001,2026-07-18,CBRS.US,master-investment-checklist,WB-BIAS-01,pass,未把跌幅、故事、成本价或单一公告当作买点。,
DEC-20260718-CBRS.US-001,REC-20260718-CBRS.US-001,2026-07-18,CBRS.US,master-investment-checklist,WB-REV-04,pass,新决策已写入推荐与批量复盘索引。,
DEC-20260718-DAL.US-001,REC-20260718-DAL.US-001,2026-07-18,DAL.US,master-investment-checklist,WB-POL-01,pass,资产类型与政策范围已核验。,
DEC-20260718-DAL.US-001,REC-20260718-DAL.US-001,2026-07-18,DAL.US,master-investment-checklist,WB-COMP-01,pass,商业模式或产品结构可用简明语言解释。,
DEC-20260718-DAL.US-001,REC-20260718-DAL.US-001,2026-07-18,DAL.US,master-investment-checklist,WB-BUS-01,pass,护城河按当前公开证据评估。,
DEC-20260718-DAL.US-001,REC-20260718-DAL.US-001,2026-07-18,DAL.US,master-investment-checklist,WB-FIN-01,pass,最新财报或业绩预告与现金流质量已核验。,
DEC-20260718-DAL.US-001,REC-20260718-DAL.US-001,2026-07-18,DAL.US,master-investment-checklist,WB-VAL-01,unknown,采用适合资产的估值与安全边际判断。,
DEC-20260718-DAL.US-001,REC-20260718-DAL.US-001,2026-07-18,DAL.US,master-investment-checklist,WB-RISK-01,fail,价格失效线、事件和组合风险已检查。,
DEC-20260718-DAL.US-001,REC-20260718-DAL.US-001,2026-07-18,DAL.US,master-investment-checklist,WB-BIAS-01,pass,未把跌幅、故事、成本价或单一公告当作买点。,
DEC-20260718-DAL.US-001,REC-20260718-DAL.US-001,2026-07-18,DAL.US,master-investment-checklist,WB-REV-04,pass,新决策已写入推荐与批量复盘索引。,
DEC-20260718-GOOGL.US-001,REC-20260718-GOOGL.US-001,2026-07-18,GOOGL.US,master-investment-checklist,WB-POL-01,pass,资产类型与政策范围已核验。,
DEC-20260718-GOOGL.US-001,REC-20260718-GOOGL.US-001,2026-07-18,GOOGL.US,master-investment-checklist,WB-COMP-01,pass,商业模式或产品结构可用简明语言解释。,
DEC-20260718-GOOGL.US-001,REC-20260718-GOOGL.US-001,2026-07-18,GOOGL.US,master-investment-checklist,WB-BUS-01,pass,护城河按当前公开证据评估。,
DEC-20260718-GOOGL.US-001,REC-20260718-GOOGL.US-001,2026-07-18,GOOGL.US,master-investment-checklist,WB-FIN-01,pass,最新财报或业绩预告与现金流质量已核验。,
DEC-20260718-GOOGL.US-001,REC-20260718-GOOGL.US-001,2026-07-18,GOOGL.US,master-investment-checklist,WB-VAL-01,pass,采用适合资产的估值与安全边际判断。,
DEC-20260718-GOOGL.US-001,REC-20260718-GOOGL.US-001,2026-07-18,GOOGL.US,master-investment-checklist,WB-RISK-01,unknown,价格失效线、事件和组合风险已检查。,
DEC-20260718-GOOGL.US-001,REC-20260718-GOOGL.US-001,2026-07-18,GOOGL.US,master-investment-checklist,WB-BIAS-01,pass,未把跌幅、故事、成本价或单一公告当作买点。,
DEC-20260718-GOOGL.US-001,REC-20260718-GOOGL.US-001,2026-07-18,GOOGL.US,master-investment-checklist,WB-REV-04,pass,新决策已写入推荐与批量复盘索引。,
DEC-20260718-MSFT.US-001,REC-20260718-MSFT.US-001,2026-07-18,MSFT.US,master-investment-checklist,WB-POL-01,pass,资产类型与政策范围已核验。,
DEC-20260718-MSFT.US-001,REC-20260718-MSFT.US-001,2026-07-18,MSFT.US,master-investment-checklist,WB-COMP-01,pass,商业模式或产品结构可用简明语言解释。,
DEC-20260718-MSFT.US-001,REC-20260718-MSFT.US-001,2026-07-18,MSFT.US,master-investment-checklist,WB-BUS-01,pass,护城河按当前公开证据评估。,
DEC-20260718-MSFT.US-001,REC-20260718-MSFT.US-001,2026-07-18,MSFT.US,master-investment-checklist,WB-FIN-01,pass,最新财报或业绩预告与现金流质量已核验。,
DEC-20260718-MSFT.US-001,REC-20260718-MSFT.US-001,2026-07-18,MSFT.US,master-investment-checklist,WB-VAL-01,pass,采用适合资产的估值与安全边际判断。,
DEC-20260718-MSFT.US-001,REC-20260718-MSFT.US-001,2026-07-18,MSFT.US,master-investment-checklist,WB-RISK-01,pass,价格失效线、事件和组合风险已检查。,
DEC-20260718-MSFT.US-001,REC-20260718-MSFT.US-001,2026-07-18,MSFT.US,master-investment-checklist,WB-BIAS-01,pass,未把跌幅、故事、成本价或单一公告当作买点。,
DEC-20260718-MSFT.US-001,REC-20260718-MSFT.US-001,2026-07-18,MSFT.US,master-investment-checklist,WB-REV-04,pass,新决策已写入推荐与批量复盘索引。,
DEC-20260718-SPCX.US-001,REC-20260718-SPCX.US-001,2026-07-18,SPCX.US,master-investment-checklist,WB-POL-01,pass,资产类型与政策范围已核验。,
DEC-20260718-SPCX.US-001,REC-20260718-SPCX.US-001,2026-07-18,SPCX.US,master-investment-checklist,WB-COMP-01,pass,商业模式或产品结构可用简明语言解释。,
DEC-20260718-SPCX.US-001,REC-20260718-SPCX.US-001,2026-07-18,SPCX.US,master-investment-checklist,WB-BUS-01,pass,护城河按当前公开证据评估。,
DEC-20260718-SPCX.US-001,REC-20260718-SPCX.US-001,2026-07-18,SPCX.US,master-investment-checklist,WB-FIN-01,fail,最新财报或业绩预告与现金流质量已核验。,
DEC-20260718-SPCX.US-001,REC-20260718-SPCX.US-001,2026-07-18,SPCX.US,master-investment-checklist,WB-VAL-01,fail,采用适合资产的估值与安全边际判断。,
DEC-20260718-SPCX.US-001,REC-20260718-SPCX.US-001,2026-07-18,SPCX.US,master-investment-checklist,WB-RISK-01,fail,价格失效线、事件和组合风险已检查。,
DEC-20260718-SPCX.US-001,REC-20260718-SPCX.US-001,2026-07-18,SPCX.US,master-investment-checklist,WB-BIAS-01,pass,未把跌幅、故事、成本价或单一公告当作买点。,
DEC-20260718-SPCX.US-001,REC-20260718-SPCX.US-001,2026-07-18,SPCX.US,master-investment-checklist,WB-REV-04,pass,新决策已写入推荐与批量复盘索引。,
